brand,topupdate,activationdate,Full ICCID,offmgrid,bundlecode,TopupSeq, Spiff 
LMPLUS,2015-02-06,2015-02-06,8919601000105196212,AHPREPAIDSOLUTIONS,2023,1st_activation, $7.00 
LMPLUS,2015-02-15,2015-02-15,8919601000105197301,AHPREPAIDSOLUTIONS,2023,1st_activation, $7.00 
LMPLUS,2015-02-19,2015-02-19,8919601000105197434,AHPREPAIDSOLUTIONS,2023,1st_activation, $7.00 
LMPLUS,2015-01-31,2015-01-31,8919601000106376052,AHPREPAIDSOLUTIONS,2023,1st_activation, $7.00 
LMPLUS,2015-02-21,2015-02-21,8919601000106374248,AHPREPAIDSOLUTIONS,2023,1st_activation, $7.00 
LMPLUS,2015-02-15,2015-02-15,8919601000114721042,AHPREPAIDSOLUTIONS,2023,1st_activation, $7.00 
LMPLUS,2015-02-18,2015-02-18,8919601000115296978,AHPREPAIDSOLUTIONS,2023,1st_activation, $7.00 
LMPLUS,2015-02-14,2015-02-14,8919601000114719921,AHPREPAIDSOLUTIONS,2023,1st_activation, $7.00 
LMPLUS,2015-02-10,2015-02-10,8919601000106376243,AHPREPAIDSOLUTIONS,2023,1st_activation, $7.00 
LMPLUS,2015-02-12,2015-02-12,8919601000105197178,AHPREPAIDSOLUTIONS,2023,1st_activation, $7.00 
LMPLUS,2015-02-06,2015-02-08,8919601000105142554,AHPREPAIDSOLUTIONS,2029,1st_activation, $20.00 
LMPLUS,2015-01-27,2015-01-28,8919601000105142869,AHPREPAIDSOLUTIONS,2029,1st_activation, $20.00 
LMPLUS,2015-02-10,2015-02-10,8919601000105143362,AHPREPAIDSOLUTIONS,2029,1st_activation, $20.00 
LMPLUS,2015-02-03,2015-02-03,8919601000105144089,AHPREPAIDSOLUTIONS,2029,1st_activation, $20.00 
LMPLUS,2015-02-01,2015-02-01,8919601000105146159,AHPREPAIDSOLUTIONS,2029,1st_activation, $20.00 
LMPLUS,2015-02-06,2015-02-07,8919601000105147538,AHPREPAIDSOLUTIONS,2029,1st_activation, $20.00 
LMPLUS,2015-02-13,2015-02-15,8919601000105147561,AHPREPAIDSOLUTIONS,2029,1st_activation, $20.00 
LMPLUS,2015-01-27,2015-01-27,8919601000105148429,AHPREPAIDSOLUTIONS,2029,1st_activation, $20.00 
LMPLUS,2015-02-13,2015-02-13,8919601000105196949,AHPREPAIDSOLUTIONS,2029,1st_activation, $20.00 
LMPLUS,2015-02-17,2015-02-17,8919601000105197319,AHPREPAIDSOLUTIONS,2029,1st_activation, $20.00 
LMPLUS,2015-02-03,2015-02-04,8919601000105215129,AHPREPAIDSOLUTIONS,2029,1st_activation, $20.00 
LMPLUS,2015-02-03,2015-02-03,8919601000105215178,AHPREPAIDSOLUTIONS,2029,1st_activation, $20.00 
LMPLUS,2015-02-17,2015-02-17,8919601000105215822,AHPREPAIDSOLUTIONS,2029,1st_activation, $20.00 
LMPLUS,2015-02-05,2015-02-05,8919601000105216127,AHPREPAIDSOLUTIONS,2029,1st_activation, $20.00 
LMPLUS,2015-02-05,2015-02-05,8919601000105216135,AHPREPAIDSOLUTIONS,2029,1st_activation, $20.00 
LMPLUS,2015-02-07,2015-02-08,8919601000105216226,AHPREPAIDSOLUTIONS,2029,1st_activation, $20.00 
LMPLUS,2015-02-24,NULL,8919601000105216747,AHPREPAIDSOLUTIONS,2029,1st_activation, $20.00 
LMPLUS,2015-02-06,2015-02-10,8919601000105143826,AHPREPAIDSOLUTIONS,2029,1st_activation, $20.00 
LMPLUS,2015-01-27,2015-01-27,8919601000105144105,AHPREPAIDSOLUTIONS,2029,1st_activation, $20.00 
LMPLUS,2015-01-29,2015-01-29,8919601000105144279,AHPREPAIDSOLUTIONS,2029,1st_activation, $20.00 
LMPLUS,2015-02-02,2015-02-03,8919601000105144691,AHPREPAIDSOLUTIONS,2029,1st_activation, $20.00 
LMPLUS,2015-01-28,2015-01-28,8919601000105145243,AHPREPAIDSOLUTIONS,2029,1st_activation, $20.00 
LMPLUS,2015-02-06,2015-02-06,8919601000105145631,AHPREPAIDSOLUTIONS,2029,1st_activation, $20.00 
LMPLUS,2015-01-27,2015-01-27,8919601000105145763,AHPREPAIDSOLUTIONS,2029,1st_activation, $20.00 
LMPLUS,2015-02-01,2015-02-01,8919601000105145789,AHPREPAIDSOLUTIONS,2029,1st_activation, $20.00 
LMPLUS,2015-01-31,2015-01-31,8919601000105147223,AHPREPAIDSOLUTIONS,2029,1st_activation, $20.00 
LMPLUS,2015-01-27,2015-01-28,8919601000105147348,AHPREPAIDSOLUTIONS,2029,1st_activation, $20.00 
LMPLUS,2015-02-02,2015-02-02,8919601000105148627,AHPREPAIDSOLUTIONS,2029,1st_activation, $20.00 
LMPLUS,2015-02-04,2015-02-04,8919601000105196808,AHPREPAIDSOLUTIONS,2029,1st_activation, $20.00 
LMPLUS,2015-02-02,2015-02-02,8919601000105197368,AHPREPAIDSOLUTIONS,2029,1st_activation, $20.00 
LMPLUS,2015-02-03,2015-02-03,8919601000105215533,AHPREPAIDSOLUTIONS,2029,1st_activation, $20.00 
LMPLUS,2015-02-02,2015-02-02,8919601000105216069,AHPREPAIDSOLUTIONS,2029,1st_activation, $20.00 
LMPLUS,2015-02-05,2015-02-08,8919601000105142265,AHPREPAIDSOLUTIONS,2029,1st_activation, $20.00 
LMPLUS,2015-02-07,2015-02-08,8919601000105142596,AHPREPAIDSOLUTIONS,2029,1st_activation, $20.00 
LMPLUS,2015-01-28,2015-01-28,8919601000105143495,AHPREPAIDSOLUTIONS,2029,1st_activation, $20.00 
LMPLUS,2015-02-07,2015-02-07,8919601000105144022,AHPREPAIDSOLUTIONS,2029,1st_activation, $20.00 
LMPLUS,2015-01-28,2015-01-28,8919601000105144287,AHPREPAIDSOLUTIONS,2029,1st_activation, $20.00 
LMPLUS,2015-02-15,2015-02-15,8919601000105144683,AHPREPAIDSOLUTIONS,2029,1st_activation, $20.00 
LMPLUS,2015-02-13,2015-02-14,8919601000105144741,AHPREPAIDSOLUTIONS,2029,1st_activation, $20.00 
LMPLUS,2015-02-21,2015-02-21,8919601000105144949,AHPREPAIDSOLUTIONS,2029,1st_activation, $20.00 
LMPLUS,2015-01-31,2015-01-31,8919601000105145037,AHPREPAIDSOLUTIONS,2029,1st_activation, $20.00 
LMPLUS,2015-02-08,2015-02-09,8919601000105146183,AHPREPAIDSOLUTIONS,2029,1st_activation, $20.00 
LMPLUS,2015-01-29,2015-02-01,8919601000105146241,AHPREPAIDSOLUTIONS,2029,1st_activation, $20.00 
LMPLUS,2015-01-30,2015-01-30,8919601000105146258,AHPREPAIDSOLUTIONS,2029,1st_activation, $20.00 
LMPLUS,2015-02-08,2015-02-08,8919601000105146530,AHPREPAIDSOLUTIONS,2029,1st_activation, $20.00 
LMPLUS,2015-02-16,2015-02-16,8919601000105146571,AHPREPAIDSOLUTIONS,2029,1st_activation, $20.00 
LMPLUS,2015-01-28,2015-02-10,8919601000105147876,AHPREPAIDSOLUTIONS,2029,1st_activation, $20.00 
LMPLUS,2015-01-31,2015-01-31,8919601000105148783,AHPREPAIDSOLUTIONS,2029,1st_activation, $20.00 
LMPLUS,2015-02-15,2015-02-15,8919601000105148858,AHPREPAIDSOLUTIONS,2029,1st_activation, $20.00 
LMPLUS,2015-02-20,2015-02-20,8919601000105148866,AHPREPAIDSOLUTIONS,2029,1st_activation, $20.00 
LMPLUS,2015-01-31,2015-01-31,8919601000105149047,AHPREPAIDSOLUTIONS,2029,1st_activation, $20.00 
LMPLUS,2015-02-03,2015-02-04,8919601000105149823,AHPREPAIDSOLUTIONS,2029,1st_activation, $20.00 
LMPLUS,2015-02-18,2015-02-18,8919601000105196980,AHPREPAIDSOLUTIONS,2029,1st_activation, $20.00 
LMPLUS,2015-02-23,2015-02-23,8919601000105197426,AHPREPAIDSOLUTIONS,2029,1st_activation, $20.00 
LMPLUS,2015-01-27,2015-01-27,8919601000105215137,AHPREPAIDSOLUTIONS,2029,1st_activation, $20.00 
LMPLUS,2015-01-28,2015-01-28,8919601000105215954,AHPREPAIDSOLUTIONS,2029,1st_activation, $20.00 
LMPLUS,2015-02-03,2015-02-03,8919601000105216077,AHPREPAIDSOLUTIONS,2029,1st_activation, $20.00 
LMPLUS,2015-02-05,2015-02-05,8919601000105216119,AHPREPAIDSOLUTIONS,2029,1st_activation, $20.00 
LMPLUS,2015-02-05,2015-02-06,8919601000105216176,AHPREPAIDSOLUTIONS,2029,1st_activation, $20.00 
LMPLUS,2015-01-29,2015-01-30,8919601000105142646,AHPREPAIDSOLUTIONS,2029,1st_activation, $20.00 
LMPLUS,2015-02-10,2015-02-10,8919601000105142935,AHPREPAIDSOLUTIONS,2029,1st_activation, $20.00 
LMPLUS,2015-02-03,2015-02-09,8919601000105142943,AHPREPAIDSOLUTIONS,2029,1st_activation, $20.00 
LMPLUS,2015-01-28,2015-01-30,8919601000105143529,AHPREPAIDSOLUTIONS,2029,1st_activation, $20.00 
LMPLUS,2015-02-05,2015-02-06,8919601000105143537,AHPREPAIDSOLUTIONS,2029,1st_activation, $20.00 
LMPLUS,2015-02-05,2015-02-05,8919601000105143610,AHPREPAIDSOLUTIONS,2029,1st_activation, $20.00 
LMPLUS,2015-02-06,2015-02-07,8919601000105143842,AHPREPAIDSOLUTIONS,2029,1st_activation, $20.00 
LMPLUS,2015-02-13,2015-02-14,8919601000105145011,AHPREPAIDSOLUTIONS,2029,1st_activation, $20.00 
LMPLUS,2015-02-15,2015-02-15,8919601000105145367,AHPREPAIDSOLUTIONS,2029,1st_activation, $20.00 
LMPLUS,2015-01-29,2015-01-29,8919601000105145714,AHPREPAIDSOLUTIONS,2029,1st_activation, $20.00 
LMPLUS,2015-01-30,2015-01-31,8919601000105147942,AHPREPAIDSOLUTIONS,2029,1st_activation, $20.00 
LMPLUS,2015-02-02,2015-02-02,8919601000105148635,AHPREPAIDSOLUTIONS,2029,1st_activation, $20.00 
LMPLUS,2015-02-01,2015-02-01,8919601000105148643,AHPREPAIDSOLUTIONS,2029,1st_activation, $20.00 
LMPLUS,2015-02-19,2015-02-19,8919601000105148874,AHPREPAIDSOLUTIONS,2029,1st_activation, $20.00 
LMPLUS,2015-02-03,2015-02-03,8919601000105149013,AHPREPAIDSOLUTIONS,2029,1st_activation, $20.00 
LMPLUS,2015-02-06,2015-02-07,8919601000105149104,AHPREPAIDSOLUTIONS,2029,1st_activation, $20.00 
LMPLUS,2015-01-26,2015-01-26,8919601000105149633,AHPREPAIDSOLUTIONS,2029,1st_activation, $20.00 
LMPLUS,2015-02-20,2015-02-21,8919601000105159582,AHPREPAIDSOLUTIONS,2029,1st_activation, $20.00 
LMPLUS,2015-02-17,2015-02-17,8919601000105804245,AHPREPAIDSOLUTIONS,2029,1st_activation, $20.00 
LMPLUS,2015-01-30,2015-01-31,8919601000105142695,AHPREPAIDSOLUTIONS,2029,1st_activation, $20.00 
LMPLUS,2015-02-07,2015-02-07,8919601000105142745,AHPREPAIDSOLUTIONS,2029,1st_activation, $20.00 
LMPLUS,2015-02-08,2015-02-08,8919601000105142760,AHPREPAIDSOLUTIONS,2029,1st_activation, $20.00 
LMPLUS,2015-02-10,2015-02-10,8919601000105142968,AHPREPAIDSOLUTIONS,2029,1st_activation, $20.00 
LMPLUS,2015-02-13,2015-02-14,8919601000105143594,AHPREPAIDSOLUTIONS,2029,1st_activation, $20.00 
LMPLUS,2015-02-07,2015-02-08,8919601000105145516,AHPREPAIDSOLUTIONS,2029,1st_activation, $20.00 
LMPLUS,2015-01-28,2015-01-29,8919601000105146092,AHPREPAIDSOLUTIONS,2029,1st_activation, $20.00 
LMPLUS,2015-02-09,2015-02-09,8919601000105146142,AHPREPAIDSOLUTIONS,2029,1st_activation, $20.00 
LMPLUS,2015-01-26,2015-01-28,8919601000105146878,AHPREPAIDSOLUTIONS,2029,1st_activation, $20.00 
LMPLUS,2015-01-27,2015-01-27,8919601000105148353,AHPREPAIDSOLUTIONS,2029,1st_activation, $20.00 
LMPLUS,2015-02-22,2015-02-24,8919601000105148767,AHPREPAIDSOLUTIONS,2029,1st_activation, $20.00 
LMPLUS,2015-02-01,2015-02-01,8919601000105149096,AHPREPAIDSOLUTIONS,2029,1st_activation, $20.00 
LMPLUS,2015-01-27,2015-01-27,8919601000105149328,AHPREPAIDSOLUTIONS,2029,1st_activation, $20.00 
LMPLUS,2015-01-31,2015-01-31,8919601000105149518,AHPREPAIDSOLUTIONS,2029,1st_activation, $20.00 
LMPLUS,2015-01-27,2015-01-27,8919601000105149757,AHPREPAIDSOLUTIONS,2029,1st_activation, $20.00 
LMPLUS,2015-01-27,2015-01-27,8919601000105149807,AHPREPAIDSOLUTIONS,2029,1st_activation, $20.00 
LMPLUS,2015-02-17,2015-02-17,8919601000105196170,AHPREPAIDSOLUTIONS,2029,1st_activation, $20.00 
LMPLUS,2015-02-22,2015-02-22,8919601000105197145,AHPREPAIDSOLUTIONS,2029,1st_activation, $20.00 
LMPLUS,2015-02-12,2015-02-13,8919601000105197152,AHPREPAIDSOLUTIONS,2029,1st_activation, $20.00 
LMPLUS,2015-02-23,2015-02-23,8919601000105197418,AHPREPAIDSOLUTIONS,2029,1st_activation, $20.00 
LMPLUS,2015-02-17,2015-02-17,8919601000105197327,AHPREPAIDSOLUTIONS,2029,1st_activation, $20.00 
LMPLUS,2015-02-08,2015-02-08,8919601000105197335,AHPREPAIDSOLUTIONS,2029,1st_activation, $20.00 
LMPLUS,2015-02-07,2015-02-07,8919601000105215087,AHPREPAIDSOLUTIONS,2029,1st_activation, $20.00 
LMPLUS,2015-02-03,2015-02-04,8919601000105215798,AHPREPAIDSOLUTIONS,2029,1st_activation, $20.00 
LMPLUS,2015-01-27,2015-01-27,8919601000105215962,AHPREPAIDSOLUTIONS,2029,1st_activation, $20.00 
LMPLUS,2015-02-25,NULL,8919601000105210179,AHPREPAIDSOLUTIONS,2029,1st_activation, $20.00 
LMPLUS,2015-02-10,2015-02-10,8919601000106376854,AHPREPAIDSOLUTIONS,2029,1st_activation, $20.00 
LMPLUS,2015-01-31,2015-01-31,8919601000106377191,AHPREPAIDSOLUTIONS,2029,1st_activation, $20.00 
LMPLUS,2015-02-23,2015-02-26,8919601000106391283,AHPREPAIDSOLUTIONS,2029,1st_activation, $20.00 
LMPLUS,2015-02-05,2015-02-06,8919601000106391358,AHPREPAIDSOLUTIONS,2029,1st_activation, $20.00 
LMPLUS,2015-02-15,2015-02-16,8919601000106391408,AHPREPAIDSOLUTIONS,2029,1st_activation, $20.00 
LMPLUS,2015-02-16,2015-02-16,8919601000106356054,AHPREPAIDSOLUTIONS,2029,1st_activation, $20.00 
LMPLUS,2015-02-12,2015-02-13,8919601000106391242,AHPREPAIDSOLUTIONS,2029,1st_activation, $20.00 
LMPLUS,2015-02-14,2015-02-14,8919601000115297067,AHPREPAIDSOLUTIONS,2029,1st_activation, $20.00 
LMPLUS,2015-02-12,2015-02-12,8919601000114721372,AHPREPAIDSOLUTIONS,2029,1st_activation, $20.00 
LMPLUS,2015-02-19,2015-02-19,8919601000114721174,AHPREPAIDSOLUTIONS,2029,1st_activation, $20.00 
LMPLUS,2015-02-06,2015-02-11,8919601000114720887,AHPREPAIDSOLUTIONS,2029,1st_activation, $20.00 
LMPLUS,2015-02-21,2015-02-21,8919601000114720713,AHPREPAIDSOLUTIONS,2029,1st_activation, $20.00 
LMPLUS,2015-01-31,2015-01-31,8919601000114720341,AHPREPAIDSOLUTIONS,2029,1st_activation, $20.00 
LMPLUS,2015-01-31,2015-01-31,8919601000114720283,AHPREPAIDSOLUTIONS,2029,1st_activation, $20.00 
LMPLUS,2015-02-10,2015-02-11,8919601000114720101,AHPREPAIDSOLUTIONS,2029,1st_activation, $20.00 
LMPLUS,2015-02-08,2015-02-08,8919601000114719756,AHPREPAIDSOLUTIONS,2029,1st_activation, $20.00 
LMPLUS,2015-02-07,2015-02-08,8919601000114719707,AHPREPAIDSOLUTIONS,2029,1st_activation, $20.00 
LMPLUS,2015-02-16,2015-02-16,8919601000114719665,AHPREPAIDSOLUTIONS,2029,1st_activation, $20.00 
LMPLUS,2015-02-15,2015-02-15,8919601000114719640,AHPREPAIDSOLUTIONS,2029,1st_activation, $20.00 
LMPLUS,2015-02-12,2015-02-13,8919601000114719335,AHPREPAIDSOLUTIONS,2029,1st_activation, $20.00 
LMPLUS,2015-02-07,2015-02-08,8919601000114719079,AHPREPAIDSOLUTIONS,2029,1st_activation, $20.00 
LMPLUS,2015-02-11,2015-02-19,8919601000114719053,AHPREPAIDSOLUTIONS,2029,1st_activation, $20.00 
LMPLUS,2015-02-08,2015-02-08,8919601000114718659,AHPREPAIDSOLUTIONS,2029,1st_activation, $20.00 
LMPLUS,2015-02-21,2015-02-21,8919601000114718212,AHPREPAIDSOLUTIONS,2029,1st_activation, $20.00 
LMPLUS,2015-02-18,2015-02-19,8919601000114718071,AHPREPAIDSOLUTIONS,2029,1st_activation, $20.00 
LMPLUS,2015-02-07,2015-02-08,8919601000114703206,AHPREPAIDSOLUTIONS,2029,1st_activation, $20.00 
LMPLUS,2015-02-20,2015-02-20,8919601000114702091,AHPREPAIDSOLUTIONS,2029,1st_activation, $20.00 
LMPLUS,2015-02-06,2015-02-06,8919601000114720986,AHPREPAIDSOLUTIONS,2029,1st_activation, $20.00 
LMPLUS,2015-02-05,2015-02-05,8919601000114720937,AHPREPAIDSOLUTIONS,2029,1st_activation, $20.00 
LMPLUS,2015-01-30,2015-01-30,8919601000114720911,AHPREPAIDSOLUTIONS,2029,1st_activation, $20.00 
LMPLUS,2015-02-21,2015-02-21,8919601000114719871,AHPREPAIDSOLUTIONS,2029,1st_activation, $20.00 
LMPLUS,2015-02-13,2015-02-13,8919601000114718675,AHPREPAIDSOLUTIONS,2029,1st_activation, $20.00 
LMPLUS,2015-02-23,2015-02-23,8919601000114718642,AHPREPAIDSOLUTIONS,2029,1st_activation, $20.00 
LMPLUS,2015-02-17,2015-02-17,8919601000114718246,AHPREPAIDSOLUTIONS,2029,1st_activation, $20.00 
LMPLUS,2015-02-21,2015-02-21,8919601000114703768,AHPREPAIDSOLUTIONS,2029,1st_activation, $20.00 
LMPLUS,2015-02-21,2015-02-22,8919601000114703495,AHPREPAIDSOLUTIONS,2029,1st_activation, $20.00 
LMPLUS,2015-02-08,2015-02-08,8919601000114703230,AHPREPAIDSOLUTIONS,2029,1st_activation, $20.00 
LMPLUS,2015-02-13,2015-02-18,8919601000114703040,AHPREPAIDSOLUTIONS,2029,1st_activation, $20.00 
LMPLUS,2015-02-15,2015-02-15,8919601000114702877,AHPREPAIDSOLUTIONS,2029,1st_activation, $20.00 
LMPLUS,2015-02-21,2015-02-21,8919601000114702232,AHPREPAIDSOLUTIONS,2029,1st_activation, $20.00 
LMPLUS,2015-02-23,2015-02-23,8919601000115296424,AHPREPAIDSOLUTIONS,2029,1st_activation, $20.00 
LMPLUS,2015-02-20,2015-02-22,8919601000114720796,AHPREPAIDSOLUTIONS,2029,1st_activation, $20.00 
LMPLUS,2015-02-19,2015-02-20,8919601000114719970,AHPREPAIDSOLUTIONS,2029,1st_activation, $20.00 
LMPLUS,2015-02-07,2015-02-07,8919601000114719392,AHPREPAIDSOLUTIONS,2029,1st_activation, $20.00 
LMPLUS,2015-02-25,2015-02-25,8919601000114718840,AHPREPAIDSOLUTIONS,2029,1st_activation, $20.00 
LMPLUS,2015-02-13,2015-02-14,8919601000114718022,AHPREPAIDSOLUTIONS,2029,1st_activation, $20.00 
LMPLUS,2015-02-16,2015-02-17,8919601000114703644,AHPREPAIDSOLUTIONS,2029,1st_activation, $20.00 
LMPLUS,2015-02-16,NULL,8919601000114703172,AHPREPAIDSOLUTIONS,2029,1st_activation, $20.00 
LMPLUS,2015-02-04,2015-02-05,8919601000114703164,AHPREPAIDSOLUTIONS,2029,1st_activation, $20.00 
LMPLUS,2015-02-20,2015-02-21,8919601000114702901,AHPREPAIDSOLUTIONS,2029,1st_activation, $20.00 
LMPLUS,2015-02-11,2015-02-12,8919601000114702844,AHPREPAIDSOLUTIONS,2029,1st_activation, $20.00 
LMPLUS,2015-02-19,2015-02-20,8919601000114702414,AHPREPAIDSOLUTIONS,2029,1st_activation, $20.00 
LMPLUS,2015-02-21,2015-02-21,8919601000114702307,AHPREPAIDSOLUTIONS,2029,1st_activation, $20.00 
LMPLUS,2015-02-22,2015-02-22,8919601000114702190,AHPREPAIDSOLUTIONS,2029,1st_activation, $20.00 
LMPLUS,2015-02-13,2015-02-13,8919601000108178886,AHPREPAIDSOLUTIONS,2029,1st_activation, $20.00 
LMPLUS,2015-02-09,2015-02-10,8919601000106391895,AHPREPAIDSOLUTIONS,2029,1st_activation, $20.00 
LMPLUS,2015-02-06,2015-02-08,8919601000106391770,AHPREPAIDSOLUTIONS,2029,1st_activation, $20.00 
LMPLUS,2015-02-05,2015-02-06,8919601000106391150,AHPREPAIDSOLUTIONS,2029,1st_activation, $20.00 
LMPLUS,2015-01-28,2015-01-28,8919601000106377761,AHPREPAIDSOLUTIONS,2029,1st_activation, $20.00 
LMPLUS,2015-02-21,2015-02-21,8919601000115297174,AHPREPAIDSOLUTIONS,2029,1st_activation, $20.00 
LMPLUS,2015-02-06,2015-02-06,8919601000114721539,AHPREPAIDSOLUTIONS,2029,1st_activation, $20.00 
LMPLUS,2015-02-21,2015-02-21,8919601000105779603,AHPREPAIDSOLUTIONS,2029,1st_activation, $20.00 
LMPLUS,2015-02-13,2015-02-13,8919601000114721166,AHPREPAIDSOLUTIONS,2029,1st_activation, $20.00 
LMPLUS,2015-02-04,2015-02-17,8919601000114720366,AHPREPAIDSOLUTIONS,2029,1st_activation, $20.00 
LMPLUS,2015-02-15,2015-02-15,8919601000114719459,AHPREPAIDSOLUTIONS,2029,1st_activation, $20.00 
LMPLUS,2015-02-17,2015-02-17,8919601000114719376,AHPREPAIDSOLUTIONS,2029,1st_activation, $20.00 
LMPLUS,2015-02-20,2015-02-20,8919601000105779629,AHPREPAIDSOLUTIONS,2029,1st_activation, $20.00 
LMPLUS,2015-02-21,2015-02-21,8919601000105805937,AHPREPAIDSOLUTIONS,2029,1st_activation, $20.00 
LMPLUS,2015-02-13,2015-02-13,8919601000114718949,AHPREPAIDSOLUTIONS,2029,1st_activation, $20.00 
LMPLUS,2015-02-17,2015-02-19,8919601000114718691,AHPREPAIDSOLUTIONS,2029,1st_activation, $20.00 
LMPLUS,2015-02-21,2015-02-21,8919601000114718444,AHPREPAIDSOLUTIONS,2029,1st_activation, $20.00 
LMPLUS,2015-02-10,2015-02-10,8919601000114718402,AHPREPAIDSOLUTIONS,2029,1st_activation, $20.00 
LMPLUS,2015-02-16,2015-02-17,8919601000114703826,AHPREPAIDSOLUTIONS,2029,1st_activation, $20.00 
LMPLUS,2015-02-23,2015-02-23,8919601000114703693,AHPREPAIDSOLUTIONS,2029,1st_activation, $20.00 
LMPLUS,2015-01-29,2015-01-30,8919601000114703008,AHPREPAIDSOLUTIONS,2029,1st_activation, $20.00 
LMPLUS,2015-02-16,2015-02-16,8919601000114702422,AHPREPAIDSOLUTIONS,2029,1st_activation, $20.00 
LMPLUS,2015-02-14,2015-02-16,8919601000114702315,AHPREPAIDSOLUTIONS,2029,1st_activation, $20.00 
LMPLUS,2015-02-16,2015-02-16,8919601000114702273,AHPREPAIDSOLUTIONS,2029,1st_activation, $20.00 
LMPLUS,2015-01-31,2015-02-01,8919601000105803494,AHPREPAIDSOLUTIONS,2029,1st_activation, $20.00 
LMPLUS,2015-02-09,2015-02-09,8919601000105216580,AHPREPAIDSOLUTIONS,2029,1st_activation, $20.00 
LMPLUS,2015-02-23,2015-02-23,8919601000105216523,AHPREPAIDSOLUTIONS,2029,1st_activation, $20.00 
LMPLUS,2015-02-03,2015-02-03,8919601000105216101,AHPREPAIDSOLUTIONS,2029,1st_activation, $20.00 
LMPLUS,2015-02-18,2015-02-19,8919601000105197442,AHPREPAIDSOLUTIONS,2029,1st_activation, $20.00 
LMPLUS,2015-02-12,2015-02-12,8919601000105197160,AHPREPAIDSOLUTIONS,2029,1st_activation, $20.00 
LMPLUS,2015-02-17,2015-02-17,8919601000105197103,AHPREPAIDSOLUTIONS,2029,1st_activation, $20.00 
LMPLUS,2015-02-02,NULL,8919601000105142885,AHPREPAIDSOLUTIONS,2029,1st_activation, $20.00 
LMPLUS,2015-02-05,2015-02-05,8919601000105142984,AHPREPAIDSOLUTIONS,2029,1st_activation, $20.00 
LMPLUS,2015-01-30,2015-01-31,8919601000105143065,AHPREPAIDSOLUTIONS,2029,1st_activation, $20.00 
LMPLUS,2015-01-27,2015-01-27,8919601000105144501,AHPREPAIDSOLUTIONS,2029,1st_activation, $20.00 
LMPLUS,2015-02-06,2015-02-06,8919601000105144873,AHPREPAIDSOLUTIONS,2029,1st_activation, $20.00 
LMPLUS,2015-02-06,2015-02-06,8919601000105144998,AHPREPAIDSOLUTIONS,2029,1st_activation, $20.00 
LMPLUS,2015-02-05,2015-02-05,8919601000105146589,AHPREPAIDSOLUTIONS,2029,1st_activation, $20.00 
LMPLUS,2015-02-05,2015-02-06,8919601000105146977,AHPREPAIDSOLUTIONS,2029,1st_activation, $20.00 
LMPLUS,2015-02-15,2015-02-15,8919601000105147272,AHPREPAIDSOLUTIONS,2029,1st_activation, $20.00 
LMPLUS,2015-02-16,2015-02-16,8919601000105148239,AHPREPAIDSOLUTIONS,2029,1st_activation, $20.00 
LMPLUS,2015-01-31,2015-01-31,8919601000105149179,AHPREPAIDSOLUTIONS,2029,1st_activation, $20.00 
LMPLUS,2015-02-05,2015-02-05,8919601000105149849,AHPREPAIDSOLUTIONS,2029,1st_activation, $20.00 
LMPLUS,2015-01-28,2015-01-29,8919601000105149914,AHPREPAIDSOLUTIONS,2029,1st_activation, $20.00 
LMPLUS,2015-01-29,2015-01-29,8919601000105149922,AHPREPAIDSOLUTIONS,2029,1st_activation, $20.00 
LMPLUS,2015-02-05,2015-02-05,8919601000106391663,AHPREPAIDSOLUTIONS,2029,1st_activation, $20.00 
LMPLUS,2015-02-24,2015-02-24,8919601000106391044,AHPREPAIDSOLUTIONS,2029,1st_activation, $20.00 
LMPLUS,2015-02-20,2015-02-20,8919601000106377415,AHPREPAIDSOLUTIONS,2029,1st_activation, $20.00 
LMPLUS,2015-02-12,2015-02-12,8919601000106376706,AHPREPAIDSOLUTIONS,2029,1st_activation, $20.00 
LMPLUS,2015-02-01,2015-02-01,8919601000106376102,AHPREPAIDSOLUTIONS,2029,1st_activation, $20.00 
LMPLUS,2015-02-06,2015-02-06,8919601000105149997,AHPREPAIDSOLUTIONS,2029,1st_activation, $20.00 
LMPLUS,2015-02-10,2015-02-10,8919601000105148932,AHPREPAIDSOLUTIONS,2029,1st_activation, $20.00 
LMPLUS,2015-02-09,2015-02-09,8919601000105148924,AHPREPAIDSOLUTIONS,2029,1st_activation, $20.00 
LMPLUS,2015-02-14,2015-02-15,8919601000105147785,AHPREPAIDSOLUTIONS,2029,1st_activation, $20.00 
LMPLUS,2015-02-02,NULL,8919601000105146928,AHPREPAIDSOLUTIONS,2029,1st_activation, $20.00 
LMPLUS,2015-02-11,2015-02-11,8919601000105145995,AHPREPAIDSOLUTIONS,2029,1st_activation, $20.00 
LMPLUS,2015-01-27,2015-01-27,8919601000105145821,AHPREPAIDSOLUTIONS,2029,1st_activation, $20.00 
LMPLUS,2015-02-16,2015-02-16,8919601000105145474,AHPREPAIDSOLUTIONS,2029,1st_activation, $20.00 
LMPLUS,2015-02-02,2015-02-02,8919601000105144493,AHPREPAIDSOLUTIONS,2029,1st_activation, $20.00 
LMPLUS,2015-01-31,2015-01-31,8919601000105143834,AHPREPAIDSOLUTIONS,2029,1st_activation, $20.00 
LMPLUS,2015-02-10,NULL,8919601000105143354,AHPREPAIDSOLUTIONS,2029,1st_activation, $20.00 
LMPLUS,2015-02-06,2015-02-07,8919601000105142844,AHPREPAIDSOLUTIONS,2029,1st_activation, $20.00 
LMPLUS,2015-02-02,2015-02-02,8919601000105947259,AHPREPAIDSOLUTIONS,2029,1st_activation, $20.00 
LMPLUS,2015-02-07,2015-02-07,8919601000105142778,AHPREPAIDSOLUTIONS,2029,1st_activation, $20.00 
LMPLUS,2015-02-04,2015-02-04,8919601000105196204,AHPREPAIDSOLUTIONS,2029,1st_activation, $20.00 
LMPLUS,2015-02-06,2015-02-06,8919601000105196931,AHPREPAIDSOLUTIONS,2029,1st_activation, $20.00 
LMPLUS,2015-02-08,2015-02-08,8919601000105197343,AHPREPAIDSOLUTIONS,2029,1st_activation, $20.00 
LMPLUS,2015-02-04,2015-02-04,8919601000105215111,AHPREPAIDSOLUTIONS,2029,1st_activation, $20.00 
LMPLUS,2015-02-12,2015-02-13,8919601000105216614,AHPREPAIDSOLUTIONS,2029,1st_activation, $20.00 
LMPLUS,2015-02-18,2015-02-19,8919601000105142604,AHPREPAIDSOLUTIONS,2029,1st_activation, $20.00 
LMPLUS,2015-01-27,2015-01-27,8919601000105947671,AHPREPAIDSOLUTIONS,2029,1st_activation, $20.00 
LMPLUS,2015-02-19,2015-02-19,8919601000115297018,AHPREPAIDSOLUTIONS,2029,1st_activation, $20.00 
LMPLUS,2015-01-30,2015-01-31,8919601000114720655,AHPREPAIDSOLUTIONS,2029,1st_activation, $20.00 
LMPLUS,2015-02-23,2015-02-23,8919601000114720176,AHPREPAIDSOLUTIONS,2029,1st_activation, $20.00 
LMPLUS,2015-02-22,2015-02-22,8919601000114719913,AHPREPAIDSOLUTIONS,2029,1st_activation, $20.00 
LMPLUS,2015-02-12,2015-02-12,8919601000114719194,AHPREPAIDSOLUTIONS,2029,1st_activation, $20.00 
LMPLUS,2015-02-20,2015-02-20,8919601000114719129,AHPREPAIDSOLUTIONS,2029,1st_activation, $20.00 
LMPLUS,2015-02-24,2015-02-25,8919601000114719103,AHPREPAIDSOLUTIONS,2029,1st_activation, $20.00 
LMPLUS,2015-02-18,2015-02-19,8919601000114718915,AHPREPAIDSOLUTIONS,2029,1st_activation, $20.00 
LMPLUS,2015-02-20,2015-02-25,8919601000114718568,AHPREPAIDSOLUTIONS,2029,1st_activation, $20.00 
LMPLUS,2015-02-11,2015-02-11,8919601000114718303,AHPREPAIDSOLUTIONS,2029,1st_activation, $20.00 
LMPLUS,2015-02-22,2015-02-22,8919601000114703487,AHPREPAIDSOLUTIONS,2029,1st_activation, $20.00 
LMPLUS,2015-02-21,2015-02-21,8919601000114703305,AHPREPAIDSOLUTIONS,2029,1st_activation, $20.00 
LMPLUS,2015-02-20,2015-02-21,8919601000105779082,AHPREPAIDSOLUTIONS,2029,1st_activation, $20.00 
LMPLUS,2015-02-24,2015-02-25,8919601000106391655,AHPREPAIDSOLUTIONS,2029,1st_activation, $20.00 
LMPLUS,2015-02-19,2015-02-20,8919601000106391069,AHPREPAIDSOLUTIONS,2029,1st_activation, $20.00 
LMPLUS,2015-02-10,2015-02-10,8919601000106377894,AHPREPAIDSOLUTIONS,2029,1st_activation, $20.00 
LMPLUS,2015-02-23,NULL,8919601000105216143,AHPREPAIDSOLUTIONS,2029,1st_activation, $20.00 
LMPLUS,2015-02-05,2015-02-05,8919601000105215103,AHPREPAIDSOLUTIONS,2029,1st_activation, $20.00 
LMPLUS,2015-02-04,2015-01-28,8919601000105213744,AHPREPAIDSOLUTIONS,2029,1st_activation, $20.00 
LMPLUS,2015-02-24,2015-02-25,8919601000105197046,AHPREPAIDSOLUTIONS,2029,1st_activation, $20.00 
LMPLUS,2015-01-29,2015-01-29,8919601000105196873,AHPREPAIDSOLUTIONS,2029,1st_activation, $20.00 
LMPLUS,2015-02-06,2015-02-06,8919601000105196188,AHPREPAIDSOLUTIONS,2029,1st_activation, $20.00 
LMPLUS,2015-01-27,2015-01-27,8919601000105147934,AHPREPAIDSOLUTIONS,2029,1st_activation, $20.00 
LMPLUS,2015-01-30,2015-02-01,8919601000105147868,AHPREPAIDSOLUTIONS,2029,1st_activation, $20.00 
LMPLUS,2015-01-27,2015-01-27,8919601000105146936,AHPREPAIDSOLUTIONS,2029,1st_activation, $20.00 
LMPLUS,2015-01-29,2015-01-30,8919601000105146860,AHPREPAIDSOLUTIONS,2029,1st_activation, $20.00 
LMPLUS,2015-01-29,2015-01-29,8919601000105146019,AHPREPAIDSOLUTIONS,2029,1st_activation, $20.00 
LMPLUS,2015-02-01,2015-02-01,8919601000105145896,AHPREPAIDSOLUTIONS,2029,1st_activation, $20.00 
LMPLUS,2015-02-10,2015-02-10,8919601000105145482,AHPREPAIDSOLUTIONS,2029,1st_activation, $20.00 
LMPLUS,2015-02-06,2015-02-06,8919601000105144220,AHPREPAIDSOLUTIONS,2029,1st_activation, $20.00 
LMPLUS,2015-01-28,2015-01-29,8919601000105143552,AHPREPAIDSOLUTIONS,2029,1st_activation, $20.00 
LMPLUS,2015-01-27,2015-01-28,8919601000105143503,AHPREPAIDSOLUTIONS,2029,1st_activation, $20.00 
LMPLUS,2015-01-30,2015-01-30,8919601000105143487,AHPREPAIDSOLUTIONS,2029,1st_activation, $20.00 
LMPLUS,2015-01-29,2015-01-30,8919601000105143370,AHPREPAIDSOLUTIONS,2029,1st_activation, $20.00 
LMPLUS,2015-01-29,2015-01-29,8919601000105143024,AHPREPAIDSOLUTIONS,2029,1st_activation, $20.00 
LMPLUS,2015-02-15,2015-02-15,8919601000105142976,AHPREPAIDSOLUTIONS,2029,1st_activation, $20.00 
LMPLUS,2015-02-23,2015-02-23,8919601000105142950,AHPREPAIDSOLUTIONS,2029,1st_activation, $20.00 
LMPLUS,2015-02-10,2015-02-10,8919601000105142687,AHPREPAIDSOLUTIONS,2029,1st_activation, $20.00 
LMPLUS,2015-02-17,2015-02-17,8919601000105805903,AHPREPAIDSOLUTIONS,2029,1st_activation, $20.00 
LMPLUS,2015-02-21,2015-02-21,8919601000105779991,AHPREPAIDSOLUTIONS,2029,1st_activation, $20.00 
LMPLUS,2015-02-21,2015-02-21,8919601000105779926,AHPREPAIDSOLUTIONS,2029,1st_activation, $20.00 
LMPLUS,2015-02-19,2015-02-21,8919601000105779702,AHPREPAIDSOLUTIONS,2029,1st_activation, $20.00 
LMPLUS,2015-02-20,2015-02-21,8919601000105779421,AHPREPAIDSOLUTIONS,2029,1st_activation, $20.00 
LMPLUS,2015-01-31,2015-01-31,8919601000105216093,AHPREPAIDSOLUTIONS,2029,1st_activation, $20.00 
LMPLUS,2015-02-04,2015-02-04,8919601000105215764,AHPREPAIDSOLUTIONS,2029,1st_activation, $20.00 
LMPLUS,2015-02-03,2015-02-03,8919601000105215657,AHPREPAIDSOLUTIONS,2029,1st_activation, $20.00 
LMPLUS,2015-02-08,2015-02-08,8919601000105215301,AHPREPAIDSOLUTIONS,2029,1st_activation, $20.00 
LMPLUS,2015-01-28,2015-01-28,8919601000105215152,AHPREPAIDSOLUTIONS,2029,1st_activation, $20.00 
LMPLUS,2015-01-28,2015-01-31,8919601000105215145,AHPREPAIDSOLUTIONS,2029,1st_activation, $20.00 
LMPLUS,2015-02-06,2015-02-06,8919601000105211961,AHPREPAIDSOLUTIONS,2029,1st_activation, $20.00 
LMPLUS,2015-02-14,2015-02-15,8919601000105210369,AHPREPAIDSOLUTIONS,2029,1st_activation, $20.00 
LMPLUS,2015-01-26,2015-01-26,8919601000105197459,AHPREPAIDSOLUTIONS,2029,1st_activation, $20.00 
LMPLUS,2015-02-04,2015-02-04,8919601000105196972,AHPREPAIDSOLUTIONS,2029,1st_activation, $20.00 
LMPLUS,2015-02-03,2015-02-03,8919601000105196915,AHPREPAIDSOLUTIONS,2029,1st_activation, $20.00 
LMPLUS,2015-01-29,2015-01-29,8919601000105149948,AHPREPAIDSOLUTIONS,2029,1st_activation, $20.00 
LMPLUS,2015-02-02,2015-02-02,8919601000105149005,AHPREPAIDSOLUTIONS,2029,1st_activation, $20.00 
LMPLUS,2015-02-11,2015-02-11,8919601000105148940,AHPREPAIDSOLUTIONS,2029,1st_activation, $20.00 
LMPLUS,2015-02-10,2015-02-10,8919601000105148908,AHPREPAIDSOLUTIONS,2029,1st_activation, $20.00 
LMPLUS,2015-01-31,2015-01-31,8919601000105147470,AHPREPAIDSOLUTIONS,2029,1st_activation, $20.00 
LMPLUS,2015-01-29,2015-01-31,8919601000105146035,AHPREPAIDSOLUTIONS,2029,1st_activation, $20.00 
LMPLUS,2015-01-27,2015-01-27,8919601000105145748,AHPREPAIDSOLUTIONS,2029,1st_activation, $20.00 
LMPLUS,2015-02-15,2015-02-15,8919601000105145383,AHPREPAIDSOLUTIONS,2029,1st_activation, $20.00 
LMPLUS,2015-02-15,2015-02-15,8919601000105144766,AHPREPAIDSOLUTIONS,2029,1st_activation, $20.00 
LMPLUS,2015-02-10,2015-02-11,8919601000105144329,AHPREPAIDSOLUTIONS,2029,1st_activation, $20.00 
LMPLUS,2015-02-07,2015-02-07,8919601000105143875,AHPREPAIDSOLUTIONS,2029,1st_activation, $20.00 
LMPLUS,2015-02-01,2015-02-01,8919601000105143867,AHPREPAIDSOLUTIONS,2029,1st_activation, $20.00 
LMPLUS,2015-01-29,2015-01-30,8919601000105143479,AHPREPAIDSOLUTIONS,2029,1st_activation, $20.00 
LMPLUS,2015-02-03,2015-02-03,8919601000105143016,AHPREPAIDSOLUTIONS,2029,1st_activation, $20.00 
LMPLUS,2015-02-02,2015-02-02,8919601000105142851,AHPREPAIDSOLUTIONS,2029,1st_activation, $20.00 
LMPLUS,2015-02-21,2015-02-21,8919601000115297083,AHPREPAIDSOLUTIONS,2029,1st_activation, $20.00 
LMPLUS,2015-02-06,2015-02-06,8919601000114720978,AHPREPAIDSOLUTIONS,2029,1st_activation, $20.00 
LMPLUS,2015-02-05,2015-02-05,8919601000114720325,AHPREPAIDSOLUTIONS,2029,1st_activation, $20.00 
LMPLUS,2015-01-29,2015-01-30,8919601000114720242,AHPREPAIDSOLUTIONS,2029,1st_activation, $20.00 
LMPLUS,2015-02-10,2015-02-10,8919601000114720002,AHPREPAIDSOLUTIONS,2029,1st_activation, $20.00 
LMPLUS,2015-02-18,2015-02-18,8919601000114719848,AHPREPAIDSOLUTIONS,2029,1st_activation, $20.00 
LMPLUS,2015-02-20,2015-02-20,8919601000114719236,AHPREPAIDSOLUTIONS,2029,1st_activation, $20.00 
LMPLUS,2015-02-13,2015-02-13,8919601000114719186,AHPREPAIDSOLUTIONS,2029,1st_activation, $20.00 
LMPLUS,2015-02-18,NULL,8919601000114719020,AHPREPAIDSOLUTIONS,2029,1st_activation, $20.00 
LMPLUS,2015-02-21,2015-02-22,8919601000114718980,AHPREPAIDSOLUTIONS,2029,1st_activation, $20.00 
LMPLUS,2015-02-24,2015-02-26,8919601000114718725,AHPREPAIDSOLUTIONS,2029,1st_activation, $20.00 
LMPLUS,2015-02-21,2015-02-22,8919601000114718030,AHPREPAIDSOLUTIONS,2029,1st_activation, $20.00 
LMPLUS,2015-02-16,2015-02-16,8919601000114703784,AHPREPAIDSOLUTIONS,2029,1st_activation, $20.00 
LMPLUS,2015-02-24,2015-02-24,8919601000114703727,AHPREPAIDSOLUTIONS,2029,1st_activation, $20.00 
LMPLUS,2015-02-23,NULL,8919601000114703719,AHPREPAIDSOLUTIONS,2029,1st_activation, $20.00 
LMPLUS,2015-02-23,2015-02-23,8919601000114703701,AHPREPAIDSOLUTIONS,2029,1st_activation, $20.00 
LMPLUS,2015-02-20,2015-02-20,8919601000114703370,AHPREPAIDSOLUTIONS,2029,1st_activation, $20.00 
LMPLUS,2015-02-19,2015-02-19,8919601000114702992,AHPREPAIDSOLUTIONS,2029,1st_activation, $20.00 
LMPLUS,2015-02-20,2015-02-20,8919601000114702505,AHPREPAIDSOLUTIONS,2029,1st_activation, $20.00 
LMPLUS,2015-02-21,2015-02-21,8919601000105779934,AHPREPAIDSOLUTIONS,2029,1st_activation, $20.00 
LMPLUS,2015-02-11,2015-02-11,8919601000105216358,AHPREPAIDSOLUTIONS,2029,1st_activation, $20.00 
LMPLUS,2015-02-16,2015-02-16,8919601000105215830,AHPREPAIDSOLUTIONS,2029,1st_activation, $20.00 
LMPLUS,2015-02-05,2015-02-05,8919601000105215285,AHPREPAIDSOLUTIONS,2029,1st_activation, $20.00 
LMPLUS,2015-02-24,2015-02-24,8919601000105197053,AHPREPAIDSOLUTIONS,2029,1st_activation, $20.00 
LMPLUS,2015-02-18,2015-02-18,8919601000105196816,AHPREPAIDSOLUTIONS,2029,1st_activation, $20.00 
LMPLUS,2015-02-02,2015-02-02,8919601000105159772,AHPREPAIDSOLUTIONS,2029,1st_activation, $20.00 
LMPLUS,2015-02-01,2015-02-01,8919601000105149088,AHPREPAIDSOLUTIONS,2029,1st_activation, $20.00 
LMPLUS,2015-01-27,2015-01-27,8919601000105148692,AHPREPAIDSOLUTIONS,2029,1st_activation, $20.00 
LMPLUS,2015-02-10,2015-02-10,8919601000105146191,AHPREPAIDSOLUTIONS,2029,1st_activation, $20.00 
LMPLUS,2015-01-29,2015-01-29,8919601000105145706,AHPREPAIDSOLUTIONS,2029,1st_activation, $20.00 
LMPLUS,2015-01-27,2015-01-27,8919601000105145680,AHPREPAIDSOLUTIONS,2029,1st_activation, $20.00 
LMPLUS,2015-02-07,2015-02-07,8919601000105144980,AHPREPAIDSOLUTIONS,2029,1st_activation, $20.00 
LMPLUS,2015-02-08,2015-02-09,8919601000105144774,AHPREPAIDSOLUTIONS,2029,1st_activation, $20.00 
LMPLUS,2015-02-12,2015-02-12,8919601000105143958,AHPREPAIDSOLUTIONS,2029,1st_activation, $20.00 
LMPLUS,2015-01-27,2015-01-28,8919601000105143560,AHPREPAIDSOLUTIONS,2029,1st_activation, $20.00 
LMPLUS,2015-01-28,2015-02-01,8919601000105143511,AHPREPAIDSOLUTIONS,2029,1st_activation, $20.00 
LMPLUS,2015-02-07,2015-02-07,8919601000105142752,AHPREPAIDSOLUTIONS,2029,1st_activation, $20.00 
LMPLUS,2015-02-24,2015-02-24,8919601000115297190,AHPREPAIDSOLUTIONS,2029,1st_activation, $20.00 
LMPLUS,2015-02-06,2015-02-08,8919601000114720598,AHPREPAIDSOLUTIONS,2029,1st_activation, $20.00 
LMPLUS,2015-02-01,2015-02-01,8919601000114720309,AHPREPAIDSOLUTIONS,2029,1st_activation, $20.00 
LMPLUS,2015-01-31,2015-01-31,8919601000114720259,AHPREPAIDSOLUTIONS,2029,1st_activation, $20.00 
LMPLUS,2015-02-06,2015-02-10,8919601000114720010,AHPREPAIDSOLUTIONS,2029,1st_activation, $20.00 
LMPLUS,2015-02-07,2015-02-17,8919601000114718493,AHPREPAIDSOLUTIONS,2029,1st_activation, $20.00 
LMPLUS,2015-02-20,NULL,8919601000114703958,AHPREPAIDSOLUTIONS,2029,1st_activation, $20.00 
LMPLUS,2015-02-23,2015-02-23,8919601000114703941,AHPREPAIDSOLUTIONS,2029,1st_activation, $20.00 
LMPLUS,2015-02-20,2015-02-24,8919601000114703891,AHPREPAIDSOLUTIONS,2029,1st_activation, $20.00 
LMPLUS,2015-02-24,2015-02-24,8919601000114703867,AHPREPAIDSOLUTIONS,2029,1st_activation, $20.00 
LMPLUS,2015-02-17,2015-02-17,8919601000114703537,AHPREPAIDSOLUTIONS,2029,1st_activation, $20.00 
LMPLUS,2015-02-17,2015-02-17,8919601000114703362,AHPREPAIDSOLUTIONS,2029,1st_activation, $20.00 
LMPLUS,2015-02-13,2015-02-13,8919601000114702943,AHPREPAIDSOLUTIONS,2029,1st_activation, $20.00 
LMPLUS,2015-02-19,2015-02-19,8919601000114702281,AHPREPAIDSOLUTIONS,2029,1st_activation, $20.00 
LMPLUS,2015-02-21,2015-02-21,8919601000114702166,AHPREPAIDSOLUTIONS,2029,1st_activation, $20.00 
LMPLUS,2015-02-10,2015-02-12,8919601000114702109,AHPREPAIDSOLUTIONS,2029,1st_activation, $20.00 
LMPLUS,2015-02-19,2015-02-19,8919601000115297166,AHPREPAIDSOLUTIONS,2029,1st_activation, $20.00 
LMPLUS,2015-02-23,2015-02-23,8919601000115297091,AHPREPAIDSOLUTIONS,2029,1st_activation, $20.00 
LMPLUS,2015-02-18,2015-02-18,8919601000115297026,AHPREPAIDSOLUTIONS,2029,1st_activation, $20.00 
LMPLUS,2015-02-05,2015-02-05,8919601000114721307,AHPREPAIDSOLUTIONS,2029,1st_activation, $20.00 
LMPLUS,2015-02-14,2015-02-14,8919601000114720895,AHPREPAIDSOLUTIONS,2029,1st_activation, $20.00 
LMPLUS,2015-02-02,2015-02-02,8919601000114720267,AHPREPAIDSOLUTIONS,2029,1st_activation, $20.00 
LMPLUS,2015-02-20,2015-02-21,8919601000114720119,AHPREPAIDSOLUTIONS,2029,1st_activation, $20.00 
LMPLUS,2015-02-19,2015-02-20,8919601000114719863,AHPREPAIDSOLUTIONS,2029,1st_activation, $20.00 
LMPLUS,2015-02-04,2015-02-04,8919601000114719574,AHPREPAIDSOLUTIONS,2029,1st_activation, $20.00 
LMPLUS,2015-02-16,2015-02-16,8919601000114719558,AHPREPAIDSOLUTIONS,2029,1st_activation, $20.00 
LMPLUS,2015-02-17,2015-02-17,8919601000114719301,AHPREPAIDSOLUTIONS,2029,1st_activation, $20.00 
LMPLUS,2015-02-25,2015-02-25,8919601000106377621,AHPREPAIDSOLUTIONS,2029,1st_activation, $20.00 
LMPLUS,2015-02-17,2015-02-17,8919601000114719152,AHPREPAIDSOLUTIONS,2029,1st_activation, $20.00 
LMPLUS,2015-02-17,2015-02-17,8919601000114718717,AHPREPAIDSOLUTIONS,2029,1st_activation, $20.00 
LMPLUS,2015-02-19,2015-02-19,8919601000114703883,AHPREPAIDSOLUTIONS,2029,1st_activation, $20.00 
LMPLUS,2015-02-18,2015-02-18,8919601000114702893,AHPREPAIDSOLUTIONS,2029,1st_activation, $20.00 
LMPLUS,2015-02-07,2015-02-07,8919601000114702588,AHPREPAIDSOLUTIONS,2029,1st_activation, $20.00 
LMPLUS,2015-02-16,2015-02-16,8919601000114702570,AHPREPAIDSOLUTIONS,2029,1st_activation, $20.00 
LMPLUS,2015-02-20,2015-02-21,8919601000114702158,AHPREPAIDSOLUTIONS,2029,1st_activation, $20.00 
LMPLUS,2015-02-22,2015-02-22,8919601000114702125,AHPREPAIDSOLUTIONS,2029,1st_activation, $20.00 
LMPLUS,2015-02-15,2015-02-15,8919601000114721398,AHPREPAIDSOLUTIONS,2029,1st_activation, $20.00 
LMPLUS,2015-02-20,2015-02-21,8919601000114720622,AHPREPAIDSOLUTIONS,2029,1st_activation, $20.00 
LMPLUS,2015-02-01,2015-02-01,8919601000114720291,AHPREPAIDSOLUTIONS,2029,1st_activation, $20.00 
LMPLUS,2015-02-22,2015-02-22,8919601000114719897,AHPREPAIDSOLUTIONS,2029,1st_activation, $20.00 
LMPLUS,2015-02-21,2015-02-22,8919601000114719889,AHPREPAIDSOLUTIONS,2029,1st_activation, $20.00 
LMPLUS,2015-02-23,2015-02-23,8919601000114719780,AHPREPAIDSOLUTIONS,2029,1st_activation, $20.00 
LMPLUS,2015-02-21,2015-02-22,8919601000114719673,AHPREPAIDSOLUTIONS,2029,1st_activation, $20.00 
LMPLUS,2015-02-21,2015-02-21,8919601000114719418,AHPREPAIDSOLUTIONS,2029,1st_activation, $20.00 
LMPLUS,2015-02-21,2015-02-21,8919601000114719095,AHPREPAIDSOLUTIONS,2029,1st_activation, $20.00 
LMPLUS,2015-02-23,2015-02-24,8919601000114718964,AHPREPAIDSOLUTIONS,2029,1st_activation, $20.00 
LMPLUS,2015-02-07,2015-02-08,8919601000114718956,AHPREPAIDSOLUTIONS,2029,1st_activation, $20.00 
LMPLUS,2015-02-20,2015-02-21,8919601000114718600,AHPREPAIDSOLUTIONS,2029,1st_activation, $20.00 
LMPLUS,2015-02-19,2015-02-19,8919601000114718188,AHPREPAIDSOLUTIONS,2029,1st_activation, $20.00 
LMPLUS,2015-02-23,2015-02-23,8919601000114703982,AHPREPAIDSOLUTIONS,2029,1st_activation, $20.00 
LMPLUS,2015-02-07,2015-02-08,8919601000114703586,AHPREPAIDSOLUTIONS,2029,1st_activation, $20.00 
LMPLUS,2015-02-06,2015-02-10,8919601000114703263,AHPREPAIDSOLUTIONS,2029,1st_activation, $20.00 
LMPLUS,2015-02-21,2015-02-22,8919601000114703115,AHPREPAIDSOLUTIONS,2029,1st_activation, $20.00 
LMPLUS,2015-02-16,2015-02-16,8919601000114702968,AHPREPAIDSOLUTIONS,2029,1st_activation, $20.00 
LMPLUS,2015-02-16,2015-02-16,8919601000114702703,AHPREPAIDSOLUTIONS,2029,1st_activation, $20.00 
LMPLUS,2015-02-16,2015-02-16,8919601000114702398,AHPREPAIDSOLUTIONS,2029,1st_activation, $20.00 
LMPLUS,2015-02-20,2015-02-20,8919601000115296341,AHPREPAIDSOLUTIONS,2029,1st_activation, $20.00 
LMPLUS,2015-02-05,2015-02-05,8919601000114720945,AHPREPAIDSOLUTIONS,2029,1st_activation, $20.00 
LMPLUS,2015-02-06,2015-02-11,8919601000114720929,AHPREPAIDSOLUTIONS,2029,1st_activation, $20.00 
LMPLUS,2015-02-06,2015-02-10,8919601000114720382,AHPREPAIDSOLUTIONS,2029,1st_activation, $20.00 
LMPLUS,2015-02-20,2015-02-21,8919601000114719723,AHPREPAIDSOLUTIONS,2029,1st_activation, $20.00 
LMPLUS,2015-02-21,2015-02-21,8919601000114719442,AHPREPAIDSOLUTIONS,2029,1st_activation, $20.00 
LMPLUS,2015-02-15,2015-02-15,8919601000114719434,AHPREPAIDSOLUTIONS,2029,1st_activation, $20.00 
LMPLUS,2015-02-21,2015-02-21,8919601000114719400,AHPREPAIDSOLUTIONS,2029,1st_activation, $20.00 
LMPLUS,2015-02-19,2015-02-19,8919601000114718816,AHPREPAIDSOLUTIONS,2029,1st_activation, $20.00 
LMPLUS,2015-02-23,2015-02-23,8919601000114718576,AHPREPAIDSOLUTIONS,2029,1st_activation, $20.00 
LMPLUS,2015-02-21,2015-02-21,8919601000114718469,AHPREPAIDSOLUTIONS,2029,1st_activation, $20.00 
LMPLUS,2015-02-12,2015-02-13,8919601000114718352,AHPREPAIDSOLUTIONS,2029,1st_activation, $20.00 
LMPLUS,2015-02-19,2015-02-20,8919601000114718253,AHPREPAIDSOLUTIONS,2029,1st_activation, $20.00 
LMPLUS,2015-02-21,2015-02-22,8919601000114703347,AHPREPAIDSOLUTIONS,2029,1st_activation, $20.00 
LMPLUS,2015-02-07,2015-02-08,8919601000114703198,AHPREPAIDSOLUTIONS,2029,1st_activation, $20.00 
LMPLUS,2015-02-08,2015-02-08,8919601000114703149,AHPREPAIDSOLUTIONS,2029,1st_activation, $20.00 
LMPLUS,2015-02-16,2015-02-16,8919601000114702638,AHPREPAIDSOLUTIONS,2029,1st_activation, $20.00 
LMPLUS,2015-02-17,2015-02-17,8919601000114702539,AHPREPAIDSOLUTIONS,2029,1st_activation, $20.00 
LMPLUS,2015-02-17,2015-02-18,8919601000114702471,AHPREPAIDSOLUTIONS,2029,1st_activation, $20.00 
LMPLUS,2015-02-20,2015-02-20,8919601000114702075,AHPREPAIDSOLUTIONS,2029,1st_activation, $20.00 
LMPLUS,2015-02-19,2015-02-19,8919601000115297208,AHPREPAIDSOLUTIONS,2029,1st_activation, $20.00 
LMPLUS,2015-02-25,2015-02-25,8919601000115297158,AHPREPAIDSOLUTIONS,2029,1st_activation, $20.00 
LMPLUS,2015-02-08,2015-02-08,8919601000108178902,AHPREPAIDSOLUTIONS,2029,1st_activation, $20.00 
LMPLUS,2015-02-13,2015-02-13,8919601000114721521,AHPREPAIDSOLUTIONS,2029,1st_activation, $20.00 
LMPLUS,2015-02-21,2015-02-21,8919601000114720705,AHPREPAIDSOLUTIONS,2029,1st_activation, $20.00 
LMPLUS,2015-01-30,2015-01-30,8919601000114720663,AHPREPAIDSOLUTIONS,2029,1st_activation, $20.00 
LMPLUS,2015-01-31,2015-01-31,8919601000114720440,AHPREPAIDSOLUTIONS,2029,1st_activation, $20.00 
LMPLUS,2015-02-06,2015-02-11,8919601000114720358,AHPREPAIDSOLUTIONS,2029,1st_activation, $20.00 
LMPLUS,2015-02-02,2015-02-02,8919601000114720317,AHPREPAIDSOLUTIONS,2029,1st_activation, $20.00 
LMPLUS,2015-01-31,2015-01-31,8919601000114720275,AHPREPAIDSOLUTIONS,2029,1st_activation, $20.00 
LMPLUS,2015-01-30,2015-02-01,8919601000114720234,AHPREPAIDSOLUTIONS,2029,1st_activation, $20.00 
LMPLUS,2015-02-22,2015-02-22,8919601000114719855,AHPREPAIDSOLUTIONS,2029,1st_activation, $20.00 
LMPLUS,2015-02-19,2015-02-19,8919601000114719798,AHPREPAIDSOLUTIONS,2029,1st_activation, $20.00 
LMPLUS,2015-02-16,2015-02-16,8919601000114719533,AHPREPAIDSOLUTIONS,2029,1st_activation, $20.00 
LMPLUS,2015-02-16,2015-02-16,8919601000114719426,AHPREPAIDSOLUTIONS,2029,1st_activation, $20.00 
LMPLUS,2015-02-06,2015-02-06,8919601000114719384,AHPREPAIDSOLUTIONS,2029,1st_activation, $20.00 
LMPLUS,2015-02-12,2015-02-12,8919601000114719368,AHPREPAIDSOLUTIONS,2029,1st_activation, $20.00 
LMPLUS,2015-02-23,2015-02-23,8919601000114719269,AHPREPAIDSOLUTIONS,2029,1st_activation, $20.00 
LMPLUS,2015-02-18,2015-02-19,8919601000114718923,AHPREPAIDSOLUTIONS,2029,1st_activation, $20.00 
LMPLUS,2015-02-20,2015-02-21,8919601000114718832,AHPREPAIDSOLUTIONS,2029,1st_activation, $20.00 
LMPLUS,2015-02-12,2015-02-12,8919601000114718261,AHPREPAIDSOLUTIONS,2029,1st_activation, $20.00 
LMPLUS,2015-02-18,2015-02-18,8919601000114718220,AHPREPAIDSOLUTIONS,2029,1st_activation, $20.00 
LMPLUS,2015-02-25,2015-02-25,8919601000114713965,AHPREPAIDSOLUTIONS,2029,1st_activation, $20.00 
LMPLUS,2015-02-21,2015-02-22,8919601000114703503,AHPREPAIDSOLUTIONS,2029,1st_activation, $20.00 
LMPLUS,2015-02-21,2015-02-22,8919601000114703453,AHPREPAIDSOLUTIONS,2029,1st_activation, $20.00 
LMPLUS,2015-02-21,2015-02-22,8919601000114703404,AHPREPAIDSOLUTIONS,2029,1st_activation, $20.00 
LMPLUS,2015-02-17,2015-02-17,8919601000114703354,AHPREPAIDSOLUTIONS,2029,1st_activation, $20.00 
LMPLUS,2015-02-07,2015-02-07,8919601000114703271,AHPREPAIDSOLUTIONS,2029,1st_activation, $20.00 
LMPLUS,2015-02-20,2015-02-20,8919601000114703255,AHPREPAIDSOLUTIONS,2029,1st_activation, $20.00 
LMPLUS,2015-02-05,2015-02-06,8919601000114702976,AHPREPAIDSOLUTIONS,2029,1st_activation, $20.00 
LMPLUS,2015-02-03,2015-02-04,8919601000114702836,AHPREPAIDSOLUTIONS,2029,1st_activation, $20.00 
LMPLUS,2015-02-22,2015-02-22,8919601000114702331,AHPREPAIDSOLUTIONS,2029,1st_activation, $20.00 
LMPLUS,2015-02-24,2015-02-24,8919601000114702042,AHPREPAIDSOLUTIONS,2029,1st_activation, $20.00 
LMPLUS,2015-02-25,2015-02-25,8919601000114702034,AHPREPAIDSOLUTIONS,2029,1st_activation, $20.00 
LMPLUS,2015-02-06,2015-02-06,8919601000114720994,AHPREPAIDSOLUTIONS,2029,1st_activation, $20.00 
LMPLUS,2015-01-30,2015-01-30,8919601000114720903,AHPREPAIDSOLUTIONS,2029,1st_activation, $20.00 
LMPLUS,2015-02-23,2015-02-23,8919601000114720788,AHPREPAIDSOLUTIONS,2029,1st_activation, $20.00 
LMPLUS,2015-02-06,2015-02-17,8919601000114720648,AHPREPAIDSOLUTIONS,2029,1st_activation, $20.00 
LMPLUS,2015-02-12,2015-02-12,8919601000114719731,AHPREPAIDSOLUTIONS,2029,1st_activation, $20.00 
LMPLUS,2015-02-17,2015-02-17,8919601000114719699,AHPREPAIDSOLUTIONS,2029,1st_activation, $20.00 
LMPLUS,2015-02-14,2015-02-14,8919601000106377654,AHPREPAIDSOLUTIONS,2029,1st_activation, $20.00 
LMPLUS,2015-02-11,2015-02-12,8919601000114719475,AHPREPAIDSOLUTIONS,2029,1st_activation, $20.00 
LMPLUS,2015-02-21,2015-02-21,8919601000114718782,AHPREPAIDSOLUTIONS,2029,1st_activation, $20.00 
LMPLUS,2015-02-16,2015-02-17,8919601000114718774,AHPREPAIDSOLUTIONS,2029,1st_activation, $20.00 
LMPLUS,2015-02-05,2015-02-06,8919601000106391630,AHPREPAIDSOLUTIONS,2029,1st_activation, $20.00 
LMPLUS,2015-02-05,2015-02-06,8919601000106391754,AHPREPAIDSOLUTIONS,2029,1st_activation, $20.00 
LMPLUS,2015-02-07,2015-02-08,8919601000106391978,AHPREPAIDSOLUTIONS,2029,1st_activation, $20.00 
LMPLUS,2015-02-24,2015-02-25,8919601000114718501,AHPREPAIDSOLUTIONS,2029,1st_activation, $20.00 
LMPLUS,2015-02-17,2015-02-18,8919601000114718279,AHPREPAIDSOLUTIONS,2029,1st_activation, $20.00 
LMPLUS,2015-02-02,2015-02-06,8919601000114703735,AHPREPAIDSOLUTIONS,2029,1st_activation, $20.00 
LMPLUS,2015-02-08,2015-02-09,8919601000114703214,AHPREPAIDSOLUTIONS,2029,1st_activation, $20.00 
LMPLUS,2015-02-16,2015-02-16,8919601000114702687,AHPREPAIDSOLUTIONS,2029,1st_activation, $20.00 
LMPLUS,2015-02-06,2015-02-07,8919601000114702513,AHPREPAIDSOLUTIONS,2029,1st_activation, $20.00 
LMPLUS,2015-02-17,2015-02-17,8919601000114702216,AHPREPAIDSOLUTIONS,2029,1st_activation, $20.00 
LMPLUS,2015-02-15,2015-02-21,8919601000106391366,AHPREPAIDSOLUTIONS,2029,1st_activation, $20.00 
LMPLUS,2015-02-24,2015-02-25,8919601000106391341,AHPREPAIDSOLUTIONS,2029,1st_activation, $20.00 
LMPLUS,2015-02-25,2015-02-26,8919601000106376656,AHPREPAIDSOLUTIONS,2029,1st_activation, $20.00 
LMPLUS,2015-01-26,2015-01-27,8919601000105216556,AHPREPAIDSOLUTIONS,2029,1st_activation, $20.00 
LMPLUS,2015-02-21,2015-02-21,8919601000105216515,AHPREPAIDSOLUTIONS,2029,1st_activation, $20.00 
LMPLUS,2015-01-31,2015-01-31,8919601000108178613,AHPREPAIDSOLUTIONS,2029,1st_activation, $20.00 
LMPLUS,2015-02-12,2015-02-12,8919601000105216374,AHPREPAIDSOLUTIONS,2029,1st_activation, $20.00 
LMPLUS,2015-02-09,2015-02-09,8919601000105216218,AHPREPAIDSOLUTIONS,2029,1st_activation, $20.00 
LMPLUS,2015-02-23,2015-02-24,8919601000105210328,AHPREPAIDSOLUTIONS,2029,1st_activation, $20.00 
LMPLUS,2015-01-29,2015-01-30,8919601000105197384,AHPREPAIDSOLUTIONS,2029,1st_activation, $20.00 
LMPLUS,2015-02-17,2015-02-17,8919601000105197137,AHPREPAIDSOLUTIONS,2029,1st_activation, $20.00 
LMPLUS,2015-02-06,2015-02-06,8919601000105196857,AHPREPAIDSOLUTIONS,2029,1st_activation, $20.00 
LMPLUS,2015-02-02,2015-02-02,8919601000105149989,AHPREPAIDSOLUTIONS,2029,1st_activation, $20.00 
LMPLUS,2015-02-02,2015-02-01,8919601000105149120,AHPREPAIDSOLUTIONS,2029,1st_activation, $20.00 
LMPLUS,2015-02-16,2015-02-16,8919601000105148882,AHPREPAIDSOLUTIONS,2029,1st_activation, $20.00 
LMPLUS,2015-02-01,2015-02-01,8919601000105148007,AHPREPAIDSOLUTIONS,2029,1st_activation, $20.00 
LMPLUS,2015-02-13,2015-02-13,8919601000105147579,AHPREPAIDSOLUTIONS,2029,1st_activation, $20.00 
LMPLUS,2015-02-16,2015-02-17,8919601000105146233,AHPREPAIDSOLUTIONS,2029,1st_activation, $20.00 
LMPLUS,2015-02-10,2015-02-11,8919601000105146126,AHPREPAIDSOLUTIONS,2029,1st_activation, $20.00 
LMPLUS,2015-01-27,2015-01-27,8919601000105145722,AHPREPAIDSOLUTIONS,2029,1st_activation, $20.00 
LMPLUS,2015-02-06,2015-02-06,8919601000105144808,AHPREPAIDSOLUTIONS,2029,1st_activation, $20.00 
LMPLUS,2015-02-02,2015-02-02,8919601000105144717,AHPREPAIDSOLUTIONS,2029,1st_activation, $20.00 
LMPLUS,2015-01-29,2015-02-03,8919601000105144550,AHPREPAIDSOLUTIONS,2029,1st_activation, $20.00 
LMPLUS,2015-02-15,2014-12-06,8919601000108179546,AHPREPAIDSOLUTIONS,2029,1st_activation, $20.00 
LMPLUS,2015-01-29,2015-01-29,8919601000108178977,AHPREPAIDSOLUTIONS,2029,1st_activation, $20.00 
LMPLUS,2015-01-26,2015-01-26,8919601000108179314,AHPREPAIDSOLUTIONS,2029,1st_activation, $20.00 
LMPLUS,2015-02-19,2015-02-19,8919601000108178530,AHPREPAIDSOLUTIONS,2029,1st_activation, $20.00 
LMPLUS,2015-02-21,2015-02-21,8919601000106391671,AHPREPAIDSOLUTIONS,2029,1st_activation, $20.00 
LMPLUS,2015-02-25,2015-02-26,8919601000106391333,AHPREPAIDSOLUTIONS,2029,1st_activation, $20.00 
LMPLUS,2015-02-11,2015-02-11,8919601000106377803,AHPREPAIDSOLUTIONS,2029,1st_activation, $20.00 
LMPLUS,2015-02-03,2015-02-03,8919601000105144444,AHPREPAIDSOLUTIONS,2029,1st_activation, $20.00 
LMPLUS,2015-02-07,2015-02-08,8919601000105144303,AHPREPAIDSOLUTIONS,2029,1st_activation, $20.00 
LMPLUS,2015-02-10,2015-02-10,8919601000105142802,AHPREPAIDSOLUTIONS,2029,1st_activation, $20.00 
LMPLUS,2015-02-18,2015-02-19,8919601000105142349,AHPREPAIDSOLUTIONS,2029,1st_activation, $20.00 
LMPLUS,2015-02-19,2015-02-21,8919601000105779728,AHPREPAIDSOLUTIONS,2029,1st_activation, $20.00 
LMPLUS,2015-01-28,2015-01-28,8919601000106376623,AHPREPAIDSOLUTIONS,2029,1st_activation, $20.00 
LMPLUS,2015-02-09,2015-02-09,8919601000105216200,AHPREPAIDSOLUTIONS,2029,1st_activation, $20.00 
LMPLUS,2015-02-06,2015-02-08,8919601000105216192,AHPREPAIDSOLUTIONS,2029,1st_activation, $20.00 
LMPLUS,2015-02-10,NULL,8919601000105216184,AHPREPAIDSOLUTIONS,2029,1st_activation, $20.00 
LMPLUS,2015-02-08,2015-02-08,8919601000105215327,AHPREPAIDSOLUTIONS,2029,1st_activation, $20.00 
LMPLUS,2015-02-09,2015-02-11,8919601000105210377,AHPREPAIDSOLUTIONS,2029,1st_activation, $20.00 
LMPLUS,2015-02-17,2015-02-17,8919601000105197129,AHPREPAIDSOLUTIONS,2029,1st_activation, $20.00 
LMPLUS,2015-02-18,2015-02-18,8919601000105197111,AHPREPAIDSOLUTIONS,2029,1st_activation, $20.00 
LMPLUS,2015-02-12,2015-02-12,8919601000105196881,AHPREPAIDSOLUTIONS,2029,1st_activation, $20.00 
LMPLUS,2015-01-27,2015-01-27,8919601000105196824,AHPREPAIDSOLUTIONS,2029,1st_activation, $20.00 
LMPLUS,2015-02-09,2015-02-09,8919601000105149971,AHPREPAIDSOLUTIONS,2029,1st_activation, $20.00 
LMPLUS,2015-01-31,2015-01-31,8919601000105149195,AHPREPAIDSOLUTIONS,2029,1st_activation, $20.00 
LMPLUS,2015-02-08,2015-02-08,8919601000105148890,AHPREPAIDSOLUTIONS,2029,1st_activation, $20.00 
LMPLUS,2015-01-27,2015-01-27,8919601000105147231,AHPREPAIDSOLUTIONS,2029,1st_activation, $20.00 
LMPLUS,2015-02-01,2015-02-01,8919601000105146951,AHPREPAIDSOLUTIONS,2029,1st_activation, $20.00 
LMPLUS,2015-02-16,2015-02-16,8919601000105146225,AHPREPAIDSOLUTIONS,2029,1st_activation, $20.00 
LMPLUS,2015-02-07,2015-02-08,8919601000105145524,AHPREPAIDSOLUTIONS,2029,1st_activation, $20.00 
LMPLUS,2015-02-13,2015-02-15,8919601000105145029,AHPREPAIDSOLUTIONS,2029,1st_activation, $20.00 
LMPLUS,2015-02-06,2015-02-06,8919601000105144956,AHPREPAIDSOLUTIONS,2029,1st_activation, $20.00 
LMPLUS,2015-02-04,2015-02-05,8919601000105144790,AHPREPAIDSOLUTIONS,2029,1st_activation, $20.00 
LMPLUS,2015-02-16,2015-02-16,8919601000105144782,AHPREPAIDSOLUTIONS,2029,1st_activation, $20.00 
LMPLUS,2015-01-28,2015-01-26,8919601000105144154,AHPREPAIDSOLUTIONS,2029,1st_activation, $20.00 
LMPLUS,2015-02-16,2015-02-17,8919601000105143669,AHPREPAIDSOLUTIONS,2029,1st_activation, $20.00 
LMPLUS,2015-01-31,2015-01-31,8919601000105143545,AHPREPAIDSOLUTIONS,2029,1st_activation, $20.00 
LMPLUS,2015-01-29,2015-01-29,8919601000105142513,AHPREPAIDSOLUTIONS,2029,1st_activation, $20.00 
LMPLUS,2015-02-24,2015-02-24,8919601000115296788,AHPREPAIDSOLUTIONS,2035,1st_activation, $20.00 
LMPLUS,2015-02-22,2015-02-22,8919601000108178969,AHPREPAIDSOLUTIONS,2035,1st_activation, $20.00 
LMPLUS,2015-02-22,2015-02-22,8919601000115296762,AHPREPAIDSOLUTIONS,2035,1st_activation, $20.00 
LMPLUS,2015-02-01,2015-02-01,8919601000105144519,AHPREPAIDSOLUTIONS,2039,1st_activation, $25.00 
LMPLUS,2015-02-03,2015-02-03,8919601000105144246,AHPREPAIDSOLUTIONS,2039,1st_activation, $25.00 
LMPLUS,2015-02-20,2015-02-20,8919601000114718238,AHPREPAIDSOLUTIONS,2039,1st_activation, $25.00 
LMPLUS,2015-01-31,2015-01-31,8919601000114703016,AHPREPAIDSOLUTIONS,2039,1st_activation, $25.00 
LMPLUS,2015-02-19,2015-02-19,8919601000105802983,AHPREPAIDSOLUTIONS,2039,1st_activation, $25.00 
LMPLUS,2015-01-29,2015-01-29,8919601000105143461,AHPREPAIDSOLUTIONS,2039,1st_activation, $25.00 
LMPLUS,2015-02-12,2015-02-13,8919601000114720630,AHPREPAIDSOLUTIONS,2039,1st_activation, $25.00 
LMPLUS,2015-01-27,2015-01-26,8919601000105149641,AHPREPAIDSOLUTIONS,2039,1st_activation, $25.00 
LMPLUS,2015-02-17,2015-02-17,8919601000105813261,AHPREPAIDSOLUTIONS,2039,1st_activation, $25.00 
LMPLUS,2015-02-01,2015-02-01,8919601000105216085,AHPREPAIDSOLUTIONS,2039,1st_activation, $25.00 
LMPLUS,2015-02-01,2015-02-02,8919601000105148619,AHPREPAIDSOLUTIONS,2039,1st_activation, $25.00 
LMPLUS,2015-02-23,2015-02-23,8919601000114702927,AHPREPAIDSOLUTIONS,2039,1st_activation, $25.00 
LMPLUS,2015-02-20,2015-02-20,8919601000115296911,AHPREPAIDSOLUTIONS,2039,1st_activation, $25.00 
LMPLUS,2015-02-10,2015-02-11,8919601000114702323,AHPREPAIDSOLUTIONS,2039,1st_activation, $25.00 
LMPLUS,2015-02-07,2015-02-07,8919601000108179033,AHPREPAIDSOLUTIONS,2039,1st_activation, $25.00 
LMPLUS,2015-01-29,2015-01-29,8919601000105195040,AHPREPAIDSOLUTIONS,2039,1st_activation, $25.00 
LMPLUS,2015-01-29,2015-01-29,8919601000105145193,AHPREPAIDSOLUTIONS,2039,1st_activation, $25.00 
LMPLUS,2015-01-26,2015-01-26,8919601000108179728,AHPREPAIDSOLUTIONS,2039,1st_activation, $25.00 
LMPLUS,2015-02-06,2015-02-07,8919601000106377365,AHPREPAIDSOLUTIONS,2045,1st_activation, $25.00 
LMPLUS,2015-02-06,2015-02-06,8919601000106377357,AHPREPAIDSOLUTIONS,2045,1st_activation, $25.00 
LMPLUS,2015-02-22,2015-02-22,8919601000105197673,AHPREPAIDSOLUTIONS,2045,1st_activation, $25.00 
LMPLUS,2015-02-16,2015-02-16,8919601000105144295,AHPREPAIDSOLUTIONS,2049,1st_activation, $25.00 
LMPLUS,2015-01-28,2015-01-29,8919601000105195032,AHPREPAIDSOLUTIONS,2049,1st_activation, $25.00 
LMPLUS,2015-02-20,2015-02-20,8919601000114721646,AHPREPAIDSOLUTIONS,2049,1st_activation, $25.00 
LMPLUS,2015-02-23,2015-02-23,8919601000114721612,AHPREPAIDSOLUTIONS,2049,1st_activation, $25.00 
LMPLUS,2015-02-23,2015-02-23,8919601000114721604,AHPREPAIDSOLUTIONS,2049,1st_activation, $25.00 
LMPLUS,2015-02-09,2015-02-06,8919601000105144857,AHPREPAIDSOLUTIONS,2049,1st_activation, $25.00 
LMPLUS,2015-01-31,2015-01-31,8919601000105195800,AHPREPAIDSOLUTIONS,2059,1st_activation, $25.00 
LMPLUS,2015-01-30,2015-01-30,8919601000105195743,AHPREPAIDSOLUTIONS,2059,1st_activation, $25.00 
LMPLUS,2015-02-05,2015-02-05,8919601000105195776,AHPREPAIDSOLUTIONS,2059,1st_activation, $25.00 
LMPLUS,2015-02-05,2015-02-05,8919601000105802082,AHPREPAIDSOLUTIONS,2059,1st_activation, $25.00 
LMPLUS,2015-02-05,2015-02-05,8919601000105802090,AHPREPAIDSOLUTIONS,2059,1st_activation, $25.00 
LMPLUS,2015-01-31,2015-01-31,8919601000105195750,AHPREPAIDSOLUTIONS,2059,1st_activation, $25.00 
LMPLUS,2015-01-27,2015-01-27,8919601000105195792,AHPREPAIDSOLUTIONS,2059,1st_activation, $25.00 
LMPLUS,2015-01-26,2015-01-26,8919601000105195784,AHPREPAIDSOLUTIONS,2059,1st_activation, $25.00 
LMPLUS,2015-02-18,2015-02-18,8919601000114721638,AHPREPAIDSOLUTIONS,2059,1st_activation, $25.00 
LMPLUS,2015-02-02,2015-02-02,8919601000105195768,AHPREPAIDSOLUTIONS,2059,1st_activation, $25.00 
LMPLUS,2015-01-27,2015-01-27,8919601000108179595,AHPREPAIDSOLUTIONS,2059,1st_activation, $25.00 
LMPLUS,2015-01-30,2015-01-30,8919601000105802074,AHPREPAIDSOLUTIONS,2059,1st_activation, $25.00 
LMPLUS,2015-02-04,2015-01-04,8919601000105148502,AHPREPAIDSOLUTIONS,2023,2nd_renewal, $10.00 
LMPLUS,2015-02-01,2015-01-03,8919601000105215566,AHPREPAIDSOLUTIONS,2023,2nd_renewal, $10.00 
LMPLUS,2015-01-26,2014-12-23,8919601000105213793,AHPREPAIDSOLUTIONS,2023,2nd_renewal, $10.00 
LMPLUS,2015-02-14,2015-01-16,8919601000105146803,AHPREPAIDSOLUTIONS,2023,2nd_renewal, $10.00 
LMPLUS,2015-01-27,2014-12-28,8919601000105148114,AHPREPAIDSOLUTIONS,2023,2nd_renewal, $10.00 
LMPLUS,2015-02-13,2015-01-11,8919601000105803916,AHPREPAIDSOLUTIONS,2023,2nd_renewal, $10.00 
LMPLUS,2015-02-20,2015-01-10,8919601000105197558,AHPREPAIDSOLUTIONS,2023,2nd_renewal, $10.00 
LMPLUS,2015-01-26,2014-12-26,8919601000105213769,AHPREPAIDSOLUTIONS,2023,2nd_renewal, $10.00 
LMPLUS,2015-01-26,2014-12-23,8919601000105213801,AHPREPAIDSOLUTIONS,2023,2nd_renewal, $10.00 
LMPLUS,2015-02-06,2015-01-07,8919601000105803569,AHPREPAIDSOLUTIONS,2023,2nd_renewal, $10.00 
LMPLUS,2015-02-07,2014-12-27,8919601000105147678,AHPREPAIDSOLUTIONS,2023,2nd_renewal, $10.00 
LMPLUS,2015-02-17,2015-01-19,8919601000105143685,AHPREPAIDSOLUTIONS,2023,2nd_renewal, $10.00 
LMPLUS,2015-02-05,2014-11-30,8919601000105219519,AHPREPAIDSOLUTIONS,2023,2nd_renewal, $10.00 
LMPLUS,2015-02-21,2015-01-22,8919601000105197392,AHPREPAIDSOLUTIONS,2023,2nd_renewal, $10.00 
LMPLUS,2015-02-08,2015-02-08,8919601000114719707,AHPREPAIDSOLUTIONS,2029,2nd_renewal, $20.00 
LMPLUS,2015-02-01,2015-01-02,8919601000105216804,AHPREPAIDSOLUTIONS,2029,2nd_renewal, $20.00 
LMPLUS,2015-02-21,2015-01-22,8919601000105215772,AHPREPAIDSOLUTIONS,2029,2nd_renewal, $20.00 
LMPLUS,2015-02-09,2015-01-10,8919601000105215186,AHPREPAIDSOLUTIONS,2029,2nd_renewal, $20.00 
LMPLUS,2015-02-15,2015-01-17,8919601000105197483,AHPREPAIDSOLUTIONS,2029,2nd_renewal, $20.00 
LMPLUS,2015-02-21,2015-01-22,8919601000105197475,AHPREPAIDSOLUTIONS,2029,2nd_renewal, $20.00 
LMPLUS,2015-01-27,2014-12-28,8919601000105148791,AHPREPAIDSOLUTIONS,2029,2nd_renewal, $20.00 
LMPLUS,2015-02-19,2015-01-20,8919601000105148106,AHPREPAIDSOLUTIONS,2029,2nd_renewal, $20.00 
LMPLUS,2015-02-24,2015-01-25,8919601000105147884,AHPREPAIDSOLUTIONS,2029,2nd_renewal, $20.00 
LMPLUS,2015-02-06,2015-01-07,8919601000105143164,AHPREPAIDSOLUTIONS,2029,2nd_renewal, $20.00 
LMPLUS,2015-02-12,2015-01-13,8919601000105216689,AHPREPAIDSOLUTIONS,2029,2nd_renewal, $20.00 
LMPLUS,2015-01-29,2014-12-31,8919601000105215400,AHPREPAIDSOLUTIONS,2029,2nd_renewal, $20.00 
LMPLUS,2015-02-04,2015-01-05,8919601000105211169,AHPREPAIDSOLUTIONS,2029,2nd_renewal, $20.00 
LMPLUS,2015-01-27,2014-12-29,8919601000105197699,AHPREPAIDSOLUTIONS,2029,2nd_renewal, $20.00 
LMPLUS,2015-02-06,2015-01-08,8919601000105149542,AHPREPAIDSOLUTIONS,2029,2nd_renewal, $20.00 
LMPLUS,2015-02-13,2015-01-14,8919601000105149443,AHPREPAIDSOLUTIONS,2029,2nd_renewal, $20.00 
LMPLUS,2015-01-29,2014-12-31,8919601000105148676,AHPREPAIDSOLUTIONS,2029,2nd_renewal, $20.00 
LMPLUS,2015-02-15,2015-01-17,8919601000105148478,AHPREPAIDSOLUTIONS,2029,2nd_renewal, $20.00 
LMPLUS,2015-02-04,2015-01-23,8919601000105148460,AHPREPAIDSOLUTIONS,2029,2nd_renewal, $20.00 
LMPLUS,2015-02-08,2015-01-10,8919601000105147363,AHPREPAIDSOLUTIONS,2029,2nd_renewal, $20.00 
LMPLUS,2015-02-15,2015-01-16,8919601000105147181,AHPREPAIDSOLUTIONS,2029,2nd_renewal, $20.00 
LMPLUS,2015-02-08,2015-01-09,8919601000105146894,AHPREPAIDSOLUTIONS,2029,2nd_renewal, $20.00 
LMPLUS,2015-02-06,2015-01-07,8919601000105146654,AHPREPAIDSOLUTIONS,2029,2nd_renewal, $20.00 
LMPLUS,2015-01-30,2015-01-05,8919601000105146415,AHPREPAIDSOLUTIONS,2029,2nd_renewal, $20.00 
LMPLUS,2015-02-15,2015-01-17,8919601000105146407,AHPREPAIDSOLUTIONS,2029,2nd_renewal, $20.00 
LMPLUS,2015-02-23,2015-01-24,8919601000105145920,AHPREPAIDSOLUTIONS,2029,2nd_renewal, $20.00 
LMPLUS,2015-02-17,2015-01-19,8919601000105142703,AHPREPAIDSOLUTIONS,2029,2nd_renewal, $20.00 
LMPLUS,2015-02-08,2014-11-16,8919601000105219410,AHPREPAIDSOLUTIONS,2029,2nd_renewal, $20.00 
LMPLUS,2015-02-19,2014-11-11,8919601000105210310,AHPREPAIDSOLUTIONS,2029,2nd_renewal, $20.00 
LMPLUS,2015-02-14,2015-01-15,8919601000105149146,AHPREPAIDSOLUTIONS,2029,2nd_renewal, $20.00 
LMPLUS,2015-02-12,2015-01-13,8919601000105146613,AHPREPAIDSOLUTIONS,2029,2nd_renewal, $20.00 
LMPLUS,2015-02-12,2015-01-13,8919601000105145219,AHPREPAIDSOLUTIONS,2029,2nd_renewal, $20.00 
LMPLUS,2015-01-27,2014-12-29,8919601000105145102,AHPREPAIDSOLUTIONS,2029,2nd_renewal, $20.00 
LMPLUS,2015-02-16,2015-01-18,8919601000105144394,AHPREPAIDSOLUTIONS,2029,2nd_renewal, $20.00 
LMPLUS,2015-02-07,2015-01-09,8919601000105143412,AHPREPAIDSOLUTIONS,2029,2nd_renewal, $20.00 
LMPLUS,2015-01-29,2014-12-30,8919601000105805747,AHPREPAIDSOLUTIONS,2029,2nd_renewal, $20.00 
LMPLUS,2015-02-07,2015-01-08,8919601000105804195,AHPREPAIDSOLUTIONS,2029,2nd_renewal, $20.00 
LMPLUS,2015-02-06,2015-01-07,8919601000105778704,AHPREPAIDSOLUTIONS,2029,2nd_renewal, $20.00 
LMPLUS,2015-01-31,2015-01-02,8919601000105216507,AHPREPAIDSOLUTIONS,2029,2nd_renewal, $20.00 
LMPLUS,2015-02-08,2015-01-15,8919601000105216051,AHPREPAIDSOLUTIONS,2029,2nd_renewal, $20.00 
LMPLUS,2015-02-04,2015-01-05,8919601000105215608,AHPREPAIDSOLUTIONS,2029,2nd_renewal, $20.00 
LMPLUS,2015-02-24,2015-01-25,8919601000105210831,AHPREPAIDSOLUTIONS,2029,2nd_renewal, $20.00 
LMPLUS,2015-02-11,2015-01-13,8919601000105210401,AHPREPAIDSOLUTIONS,2029,2nd_renewal, $20.00 
LMPLUS,2015-02-15,2015-01-16,8919601000105197277,AHPREPAIDSOLUTIONS,2029,2nd_renewal, $20.00 
LMPLUS,2015-02-14,2015-01-15,8919601000105149591,AHPREPAIDSOLUTIONS,2029,2nd_renewal, $20.00 
LMPLUS,2015-02-22,2015-01-23,8919601000105149567,AHPREPAIDSOLUTIONS,2029,2nd_renewal, $20.00 
LMPLUS,2015-02-07,2014-11-30,8919601000105149401,AHPREPAIDSOLUTIONS,2029,2nd_renewal, $20.00 
LMPLUS,2015-02-24,2014-12-22,8919601000105147645,AHPREPAIDSOLUTIONS,2029,2nd_renewal, $20.00 
LMPLUS,2015-01-27,2014-12-29,8919601000105147447,AHPREPAIDSOLUTIONS,2029,2nd_renewal, $20.00 
LMPLUS,2015-02-12,2015-01-13,8919601000105146845,AHPREPAIDSOLUTIONS,2029,2nd_renewal, $20.00 
LMPLUS,2015-02-09,2015-01-10,8919601000105146480,AHPREPAIDSOLUTIONS,2029,2nd_renewal, $20.00 
LMPLUS,2015-02-12,2015-01-14,8919601000105146381,AHPREPAIDSOLUTIONS,2029,2nd_renewal, $20.00 
LMPLUS,2015-02-13,2015-01-13,8919601000105144337,AHPREPAIDSOLUTIONS,2029,2nd_renewal, $20.00 
LMPLUS,2015-02-19,2015-01-20,8919601000105143602,AHPREPAIDSOLUTIONS,2029,2nd_renewal, $20.00 
LMPLUS,2015-01-27,2014-12-28,8919601000105804781,AHPREPAIDSOLUTIONS,2029,2nd_renewal, $20.00 
LMPLUS,2015-02-08,2014-12-27,8919601000105804658,AHPREPAIDSOLUTIONS,2029,2nd_renewal, $20.00 
LMPLUS,2015-02-07,2015-01-08,8919601000105804419,AHPREPAIDSOLUTIONS,2029,2nd_renewal, $20.00 
LMPLUS,2015-02-09,2015-01-08,8919601000105804393,AHPREPAIDSOLUTIONS,2029,2nd_renewal, $20.00 
LMPLUS,2015-02-15,2015-01-17,8919601000105781005,AHPREPAIDSOLUTIONS,2029,2nd_renewal, $20.00 
LMPLUS,2015-02-10,2015-01-12,8919601000105215863,AHPREPAIDSOLUTIONS,2029,2nd_renewal, $20.00 
LMPLUS,2015-02-05,2015-01-07,8919601000105215749,AHPREPAIDSOLUTIONS,2029,2nd_renewal, $20.00 
LMPLUS,2015-01-31,2015-01-01,8919601000105211177,AHPREPAIDSOLUTIONS,2029,2nd_renewal, $20.00 
LMPLUS,2015-02-08,2015-01-10,8919601000105149450,AHPREPAIDSOLUTIONS,2029,2nd_renewal, $20.00 
LMPLUS,2015-02-14,2015-01-15,8919601000105146712,AHPREPAIDSOLUTIONS,2029,2nd_renewal, $20.00 
LMPLUS,2015-02-17,2015-01-20,8919601000105146217,AHPREPAIDSOLUTIONS,2029,2nd_renewal, $20.00 
LMPLUS,2015-02-11,2015-01-12,8919601000105146001,AHPREPAIDSOLUTIONS,2029,2nd_renewal, $20.00 
LMPLUS,2015-02-23,2015-01-24,8919601000105145953,AHPREPAIDSOLUTIONS,2029,2nd_renewal, $20.00 
LMPLUS,2015-02-03,2015-01-04,8919601000106391499,AHPREPAIDSOLUTIONS,2029,2nd_renewal, $20.00 
LMPLUS,2015-02-22,2015-01-24,8919601000106376367,AHPREPAIDSOLUTIONS,2029,2nd_renewal, $20.00 
LMPLUS,2015-02-11,2015-01-13,8919601000105143313,AHPREPAIDSOLUTIONS,2029,2nd_renewal, $20.00 
LMPLUS,2015-01-26,2014-12-27,8919601000105143206,AHPREPAIDSOLUTIONS,2029,2nd_renewal, $20.00 
LMPLUS,2015-02-06,2015-01-07,8919601000105142786,AHPREPAIDSOLUTIONS,2029,2nd_renewal, $20.00 
LMPLUS,2015-02-02,2015-01-07,8919601000105142307,AHPREPAIDSOLUTIONS,2029,2nd_renewal, $20.00 
LMPLUS,2015-02-22,2015-01-23,8919601000106377043,AHPREPAIDSOLUTIONS,2029,2nd_renewal, $20.00 
LMPLUS,2015-02-16,2015-01-17,8919601000105216945,AHPREPAIDSOLUTIONS,2029,2nd_renewal, $20.00 
LMPLUS,2015-02-24,2015-01-25,8919601000105215061,AHPREPAIDSOLUTIONS,2029,2nd_renewal, $20.00 
LMPLUS,2015-02-05,2014-11-08,8919601000105210286,AHPREPAIDSOLUTIONS,2029,2nd_renewal, $20.00 
LMPLUS,2015-02-01,2014-12-25,8919601000105149310,AHPREPAIDSOLUTIONS,2029,2nd_renewal, $20.00 
LMPLUS,2015-02-08,2015-01-10,8919601000105147892,AHPREPAIDSOLUTIONS,2029,2nd_renewal, $20.00 
LMPLUS,2015-02-08,2015-01-10,8919601000105146886,AHPREPAIDSOLUTIONS,2029,2nd_renewal, $20.00 
LMPLUS,2015-02-19,2015-01-20,8919601000105146837,AHPREPAIDSOLUTIONS,2029,2nd_renewal, $20.00 
LMPLUS,2015-02-08,2015-01-10,8919601000105146746,AHPREPAIDSOLUTIONS,2029,2nd_renewal, $20.00 
LMPLUS,2015-02-21,2015-01-22,8919601000105144642,AHPREPAIDSOLUTIONS,2029,2nd_renewal, $20.00 
LMPLUS,2015-02-23,2015-01-24,8919601000105143586,AHPREPAIDSOLUTIONS,2029,2nd_renewal, $20.00 
LMPLUS,2015-02-06,2015-01-07,8919601000105143297,AHPREPAIDSOLUTIONS,2029,2nd_renewal, $20.00 
LMPLUS,2015-02-19,2015-01-20,8919601000105143255,AHPREPAIDSOLUTIONS,2029,2nd_renewal, $20.00 
LMPLUS,2015-01-28,2014-12-29,8919601000108179496,AHPREPAIDSOLUTIONS,2029,2nd_renewal, $20.00 
LMPLUS,2015-02-18,2015-01-19,8919601000105813394,AHPREPAIDSOLUTIONS,2029,2nd_renewal, $20.00 
LMPLUS,2015-01-26,2014-12-29,8919601000105804849,AHPREPAIDSOLUTIONS,2029,2nd_renewal, $20.00 
LMPLUS,2015-01-27,2014-12-27,8919601000105804757,AHPREPAIDSOLUTIONS,2029,2nd_renewal, $20.00 
LMPLUS,2015-02-11,2015-01-12,8919601000105804161,AHPREPAIDSOLUTIONS,2029,2nd_renewal, $20.00 
LMPLUS,2015-01-26,2014-12-27,8919601000105804013,AHPREPAIDSOLUTIONS,2029,2nd_renewal, $20.00 
LMPLUS,2015-02-02,2015-01-05,8919601000105780338,AHPREPAIDSOLUTIONS,2029,2nd_renewal, $20.00 
LMPLUS,2015-02-08,2015-01-11,8919601000105780155,AHPREPAIDSOLUTIONS,2029,2nd_renewal, $20.00 
LMPLUS,2015-02-06,2015-01-12,8919601000105778829,AHPREPAIDSOLUTIONS,2029,2nd_renewal, $20.00 
LMPLUS,2015-02-22,2015-01-23,8919601000106376136,AHPREPAIDSOLUTIONS,2029,2nd_renewal, $20.00 
LMPLUS,2015-02-01,2015-01-02,8919601000108178993,AHPREPAIDSOLUTIONS,2029,2nd_renewal, $20.00 
LMPLUS,2015-02-08,2015-01-09,8919601000105215202,AHPREPAIDSOLUTIONS,2029,2nd_renewal, $20.00 
LMPLUS,2015-02-06,2015-01-08,8919601000105211094,AHPREPAIDSOLUTIONS,2029,2nd_renewal, $20.00 
LMPLUS,2015-02-04,2015-01-06,8919601000105148510,AHPREPAIDSOLUTIONS,2029,2nd_renewal, $20.00 
LMPLUS,2015-02-20,2015-01-02,8919601000105145078,AHPREPAIDSOLUTIONS,2029,2nd_renewal, $20.00 
LMPLUS,2015-02-24,2015-02-14,8919601000105144162,AHPREPAIDSOLUTIONS,2029,2nd_renewal, $20.00 
LMPLUS,2015-02-17,2015-01-18,8919601000105143107,AHPREPAIDSOLUTIONS,2029,2nd_renewal, $20.00 
LMPLUS,2015-02-09,2015-01-09,8919601000105805028,AHPREPAIDSOLUTIONS,2029,2nd_renewal, $20.00 
LMPLUS,2015-01-26,2014-12-26,8919601000105805499,AHPREPAIDSOLUTIONS,2029,2nd_renewal, $20.00 
LMPLUS,2015-02-09,2015-01-18,8919601000105779199,AHPREPAIDSOLUTIONS,2029,2nd_renewal, $20.00 
LMPLUS,2015-02-07,2015-01-08,8919601000106376953,AHPREPAIDSOLUTIONS,2029,2nd_renewal, $20.00 
LMPLUS,2015-02-02,2015-01-03,8919601000106376870,AHPREPAIDSOLUTIONS,2029,2nd_renewal, $20.00 
LMPLUS,2015-02-09,2015-01-10,8919601000105219683,AHPREPAIDSOLUTIONS,2029,2nd_renewal, $20.00 
LMPLUS,2015-02-02,2015-01-05,8919601000105215871,AHPREPAIDSOLUTIONS,2029,2nd_renewal, $20.00 
LMPLUS,2015-02-07,2015-01-09,8919601000105215715,AHPREPAIDSOLUTIONS,2029,2nd_renewal, $20.00 
LMPLUS,2015-01-31,2015-01-01,8919601000105215418,AHPREPAIDSOLUTIONS,2029,2nd_renewal, $20.00 
LMPLUS,2015-01-31,2015-01-01,8919601000105210138,AHPREPAIDSOLUTIONS,2029,2nd_renewal, $20.00 
LMPLUS,2015-02-02,2015-01-03,8919601000105216952,AHPREPAIDSOLUTIONS,2029,2nd_renewal, $20.00 
LMPLUS,2015-02-25,2015-01-26,8919601000105197459,AHPREPAIDSOLUTIONS,2029,2nd_renewal, $20.00 
LMPLUS,2015-02-15,2015-01-15,8919601000105195149,AHPREPAIDSOLUTIONS,2029,2nd_renewal, $20.00 
LMPLUS,2015-02-19,2015-01-20,8919601000105194555,AHPREPAIDSOLUTIONS,2029,2nd_renewal, $20.00 
LMPLUS,2015-02-14,2015-01-15,8919601000105149054,AHPREPAIDSOLUTIONS,2029,2nd_renewal, $20.00 
LMPLUS,2015-02-15,2015-01-16,8919601000105148775,AHPREPAIDSOLUTIONS,2029,2nd_renewal, $20.00 
LMPLUS,2015-02-17,2015-01-18,8919601000105147199,AHPREPAIDSOLUTIONS,2029,2nd_renewal, $20.00 
LMPLUS,2015-01-29,2014-12-30,8919601000105147017,AHPREPAIDSOLUTIONS,2029,2nd_renewal, $20.00 
LMPLUS,2015-02-10,2015-01-11,8919601000105146696,AHPREPAIDSOLUTIONS,2029,2nd_renewal, $20.00 
LMPLUS,2015-02-21,2015-01-23,8919601000105146175,AHPREPAIDSOLUTIONS,2029,2nd_renewal, $20.00 
LMPLUS,2015-02-22,2015-01-23,8919601000105145656,AHPREPAIDSOLUTIONS,2029,2nd_renewal, $20.00 
LMPLUS,2015-02-24,2015-01-25,8919601000105144477,AHPREPAIDSOLUTIONS,2029,2nd_renewal, $20.00 
LMPLUS,2015-02-10,2015-01-11,8919601000105144360,AHPREPAIDSOLUTIONS,2029,2nd_renewal, $20.00 
LMPLUS,2015-02-20,2015-01-22,8919601000105143735,AHPREPAIDSOLUTIONS,2029,2nd_renewal, $20.00 
LMPLUS,2015-02-16,2015-01-17,8919601000105143081,AHPREPAIDSOLUTIONS,2029,2nd_renewal, $20.00 
LMPLUS,2015-02-04,2014-11-22,8919601000105142083,AHPREPAIDSOLUTIONS,2029,2nd_renewal, $20.00 
LMPLUS,2015-02-14,2015-01-15,8919601000105149773,AHPREPAIDSOLUTIONS,2029,2nd_renewal, $20.00 
LMPLUS,2015-02-06,2015-01-08,8919601000105149674,AHPREPAIDSOLUTIONS,2029,2nd_renewal, $20.00 
LMPLUS,2015-02-04,2015-01-05,8919601000105148593,AHPREPAIDSOLUTIONS,2029,2nd_renewal, $20.00 
LMPLUS,2015-02-12,2015-01-13,8919601000105146670,AHPREPAIDSOLUTIONS,2029,2nd_renewal, $20.00 
LMPLUS,2015-02-12,2015-01-15,8919601000105146647,AHPREPAIDSOLUTIONS,2029,2nd_renewal, $20.00 
LMPLUS,2015-02-08,2015-01-09,8919601000105146423,AHPREPAIDSOLUTIONS,2029,2nd_renewal, $20.00 
LMPLUS,2015-02-22,2015-01-28,8919601000105146167,AHPREPAIDSOLUTIONS,2029,2nd_renewal, $20.00 
LMPLUS,2015-01-30,2015-01-01,8919601000105142737,AHPREPAIDSOLUTIONS,2029,2nd_renewal, $20.00 
LMPLUS,2015-02-02,2015-01-03,8919601000105805226,AHPREPAIDSOLUTIONS,2029,2nd_renewal, $20.00 
LMPLUS,2015-02-08,2015-01-10,8919601000105804377,AHPREPAIDSOLUTIONS,2029,2nd_renewal, $20.00 
LMPLUS,2015-01-26,2014-12-27,8919601000105804211,AHPREPAIDSOLUTIONS,2029,2nd_renewal, $20.00 
LMPLUS,2015-01-29,2015-01-01,8919601000105804690,AHPREPAIDSOLUTIONS,2029,2nd_renewal, $20.00 
LMPLUS,2015-02-13,2015-01-08,8919601000105804187,AHPREPAIDSOLUTIONS,2029,2nd_renewal, $20.00 
LMPLUS,2015-02-02,2015-01-03,8919601000105778654,AHPREPAIDSOLUTIONS,2029,2nd_renewal, $20.00 
LMPLUS,2015-02-10,2014-12-30,8919601000105216697,AHPREPAIDSOLUTIONS,2029,2nd_renewal, $20.00 
LMPLUS,2015-02-05,2015-01-06,8919601000105211185,AHPREPAIDSOLUTIONS,2029,2nd_renewal, $20.00 
LMPLUS,2015-02-10,2015-01-11,8919601000105149625,AHPREPAIDSOLUTIONS,2029,2nd_renewal, $20.00 
LMPLUS,2015-02-19,2015-01-22,8919601000105148965,AHPREPAIDSOLUTIONS,2029,2nd_renewal, $20.00 
LMPLUS,2015-02-06,2015-01-08,8919601000105148585,AHPREPAIDSOLUTIONS,2029,2nd_renewal, $20.00 
LMPLUS,2015-02-06,2015-01-08,8919601000105148569,AHPREPAIDSOLUTIONS,2029,2nd_renewal, $20.00 
LMPLUS,2015-01-31,2015-01-01,8919601000105147975,AHPREPAIDSOLUTIONS,2029,2nd_renewal, $20.00 
LMPLUS,2015-01-31,2015-01-01,8919601000105147512,AHPREPAIDSOLUTIONS,2029,2nd_renewal, $20.00 
LMPLUS,2015-01-26,2014-12-27,8919601000105147454,AHPREPAIDSOLUTIONS,2029,2nd_renewal, $20.00 
LMPLUS,2015-02-08,2015-01-09,8919601000105146811,AHPREPAIDSOLUTIONS,2029,2nd_renewal, $20.00 
LMPLUS,2015-01-26,2014-12-28,8919601000105146704,AHPREPAIDSOLUTIONS,2029,2nd_renewal, $20.00 
LMPLUS,2015-02-09,2015-01-11,8919601000105146472,AHPREPAIDSOLUTIONS,2029,2nd_renewal, $20.00 
LMPLUS,2015-02-22,2014-12-10,8919601000105145987,AHPREPAIDSOLUTIONS,2029,2nd_renewal, $20.00 
LMPLUS,2015-02-13,2014-12-18,8919601000105142257,AHPREPAIDSOLUTIONS,2029,2nd_renewal, $20.00 
LMPLUS,2015-02-04,2015-01-06,8919601000105215442,AHPREPAIDSOLUTIONS,2029,2nd_renewal, $20.00 
LMPLUS,2015-02-22,2015-01-23,8919601000105215368,AHPREPAIDSOLUTIONS,2029,2nd_renewal, $20.00 
LMPLUS,2015-02-21,2015-01-22,8919601000105149906,AHPREPAIDSOLUTIONS,2029,2nd_renewal, $20.00 
LMPLUS,2015-02-23,2015-01-24,8919601000105149716,AHPREPAIDSOLUTIONS,2029,2nd_renewal, $20.00 
LMPLUS,2015-02-13,2015-01-14,8919601000105148957,AHPREPAIDSOLUTIONS,2029,2nd_renewal, $20.00 
LMPLUS,2015-02-19,2015-01-21,8919601000105148916,AHPREPAIDSOLUTIONS,2029,2nd_renewal, $20.00 
LMPLUS,2015-01-29,2014-12-31,8919601000105148148,AHPREPAIDSOLUTIONS,2029,2nd_renewal, $20.00 
LMPLUS,2015-01-26,2014-12-27,8919601000105148122,AHPREPAIDSOLUTIONS,2029,2nd_renewal, $20.00 
LMPLUS,2015-02-15,2015-01-16,8919601000105146902,AHPREPAIDSOLUTIONS,2029,2nd_renewal, $20.00 
LMPLUS,2015-02-16,2015-01-13,8919601000105146548,AHPREPAIDSOLUTIONS,2029,2nd_renewal, $20.00 
LMPLUS,2015-02-09,2015-01-10,8919601000105146290,AHPREPAIDSOLUTIONS,2029,2nd_renewal, $20.00 
LMPLUS,2015-02-21,2015-01-23,8919601000105145417,AHPREPAIDSOLUTIONS,2029,2nd_renewal, $20.00 
LMPLUS,2015-02-23,NULL,8919601000105143743,AHPREPAIDSOLUTIONS,2029,2nd_renewal, $20.00 
LMPLUS,2015-02-07,2015-01-08,8919601000105143396,AHPREPAIDSOLUTIONS,2029,2nd_renewal, $20.00 
LMPLUS,2015-01-26,2014-12-27,8919601000105216796,AHPREPAIDSOLUTIONS,2029,2nd_renewal, $20.00 
LMPLUS,2015-02-05,2015-01-07,8919601000105216572,AHPREPAIDSOLUTIONS,2029,2nd_renewal, $20.00 
LMPLUS,2015-02-02,2015-01-04,8919601000105216325,AHPREPAIDSOLUTIONS,2029,2nd_renewal, $20.00 
LMPLUS,2015-02-13,2015-01-16,8919601000105215582,AHPREPAIDSOLUTIONS,2029,2nd_renewal, $20.00 
LMPLUS,2015-02-05,2015-01-07,8919601000105215434,AHPREPAIDSOLUTIONS,2029,2nd_renewal, $20.00 
LMPLUS,2015-02-01,2015-01-04,8919601000105197491,AHPREPAIDSOLUTIONS,2029,2nd_renewal, $20.00 
LMPLUS,2015-02-21,2015-01-20,8919601000105149708,AHPREPAIDSOLUTIONS,2029,2nd_renewal, $20.00 
LMPLUS,2015-01-27,2014-12-29,8919601000105148726,AHPREPAIDSOLUTIONS,2029,2nd_renewal, $20.00 
LMPLUS,2015-02-14,2015-01-16,8919601000105147397,AHPREPAIDSOLUTIONS,2029,2nd_renewal, $20.00 
LMPLUS,2015-01-30,2015-01-11,8919601000105147314,AHPREPAIDSOLUTIONS,2029,2nd_renewal, $20.00 
LMPLUS,2015-02-06,2015-01-09,8919601000105146910,AHPREPAIDSOLUTIONS,2029,2nd_renewal, $20.00 
LMPLUS,2015-02-06,2015-01-08,8919601000105146639,AHPREPAIDSOLUTIONS,2029,2nd_renewal, $20.00 
LMPLUS,2015-02-17,2015-01-18,8919601000105146209,AHPREPAIDSOLUTIONS,2029,2nd_renewal, $20.00 
LMPLUS,2015-01-26,2014-12-26,8919601000105145391,AHPREPAIDSOLUTIONS,2029,2nd_renewal, $20.00 
LMPLUS,2015-01-29,2014-12-29,8919601000105142794,AHPREPAIDSOLUTIONS,2029,2nd_renewal, $20.00 
LMPLUS,2015-02-19,2015-01-20,8919601000105142711,AHPREPAIDSOLUTIONS,2029,2nd_renewal, $20.00 
LMPLUS,2015-02-01,2014-10-13,8919601000106355791,AHPREPAIDSOLUTIONS,2035,2nd_renewal, $20.00 
LMPLUS,2015-02-22,2015-01-23,8919601000106376680,AHPREPAIDSOLUTIONS,2035,2nd_renewal, $20.00 
LMPLUS,2015-02-02,2015-01-04,8919601000105216333,AHPREPAIDSOLUTIONS,2035,2nd_renewal, $20.00 
LMPLUS,2015-02-17,2015-02-17,8919601000114703362,AHPREPAIDSOLUTIONS,2039,2nd_renewal, $25.00 
LMPLUS,2015-01-30,2014-12-31,8919601000105147496,AHPREPAIDSOLUTIONS,2039,2nd_renewal, $25.00 
LMPLUS,2015-02-09,2015-02-06,8919601000105143537,AHPREPAIDSOLUTIONS,2039,2nd_renewal, $25.00 
LMPLUS,2015-02-25,NULL,8919601000105210179,AHPREPAIDSOLUTIONS,2039,2nd_renewal, $25.00 
LMPLUS,2015-02-01,2015-01-02,8919601000105216978,AHPREPAIDSOLUTIONS,2039,2nd_renewal, $25.00 
LMPLUS,2015-02-23,2015-01-25,8919601000105145912,AHPREPAIDSOLUTIONS,2039,2nd_renewal, $25.00 
LMPLUS,2015-02-03,2015-01-03,8919601000105803577,AHPREPAIDSOLUTIONS,2039,2nd_renewal, $25.00 
LMPLUS,2015-01-28,2014-12-29,8919601000105805143,AHPREPAIDSOLUTIONS,2039,2nd_renewal, $25.00 
LMPLUS,2015-02-06,2015-01-07,8919601000105145771,AHPREPAIDSOLUTIONS,2039,2nd_renewal, $25.00 
LMPLUS,2015-01-26,2014-12-27,8919601000105143883,AHPREPAIDSOLUTIONS,2039,2nd_renewal, $25.00 
LMPLUS,2015-02-16,2015-01-18,8919601000106356385,AHPREPAIDSOLUTIONS,2049,2nd_renewal, $25.00 
LMPLUS,2015-02-11,2015-01-12,8919601000105195016,AHPREPAIDSOLUTIONS,2059,2nd_renewal, $25.00 
LMPLUS,2015-02-19,2015-01-20,8919601000105195826,AHPREPAIDSOLUTIONS,2059,2nd_renewal, $25.00 
LMPLUS,2015-02-25,2015-01-26,8919601000105195784,AHPREPAIDSOLUTIONS,2059,2nd_renewal, $25.00 
LMPLUS,2015-02-13,2015-01-13,8919601000105195818,AHPREPAIDSOLUTIONS,2059,2nd_renewal, $25.00 
LMPLUS,2015-01-28,2014-11-21,8919601000105213298,AHPREPAIDSOLUTIONS,2023,3rd_renewal, $5.00 
LMPLUS,2015-01-27,2014-11-28,8919601000105803510,AHPREPAIDSOLUTIONS,2023,3rd_renewal, $5.00 
LMPLUS,2015-02-21,2014-12-23,8919601000105142216,AHPREPAIDSOLUTIONS,2023,3rd_renewal, $5.00 
LMPLUS,2015-02-25,2014-12-23,8919601000105213801,AHPREPAIDSOLUTIONS,2023,3rd_renewal, $5.00 
LMPLUS,2015-02-25,2014-12-23,8919601000105213793,AHPREPAIDSOLUTIONS,2023,3rd_renewal, $5.00 
LMPLUS,2015-02-09,2014-12-11,8919601000106375534,AHPREPAIDSOLUTIONS,2023,3rd_renewal, $5.00 
LMPLUS,2015-02-25,2014-12-26,8919601000105213769,AHPREPAIDSOLUTIONS,2023,3rd_renewal, $5.00 
LMPLUS,2015-02-04,2014-12-05,8919601000108179710,AHPREPAIDSOLUTIONS,2029,3rd_renewal, $10.00 
LMPLUS,2015-02-09,2014-12-07,8919601000105781864,AHPREPAIDSOLUTIONS,2029,3rd_renewal, $10.00 
LMPLUS,2015-02-01,2014-11-28,8919601000105781047,AHPREPAIDSOLUTIONS,2029,3rd_renewal, $10.00 
LMPLUS,2015-02-16,2014-12-12,8919601000105780775,AHPREPAIDSOLUTIONS,2029,3rd_renewal, $10.00 
LMPLUS,2015-02-08,2014-12-11,8919601000105218602,AHPREPAIDSOLUTIONS,2029,3rd_renewal, $10.00 
LMPLUS,2015-02-11,2014-12-13,8919601000105215780,AHPREPAIDSOLUTIONS,2029,3rd_renewal, $10.00 
LMPLUS,2015-02-08,2014-12-10,8919601000105212894,AHPREPAIDSOLUTIONS,2029,3rd_renewal, $10.00 
LMPLUS,2015-02-25,2014-12-27,8919601000105148122,AHPREPAIDSOLUTIONS,2029,3rd_renewal, $10.00 
LMPLUS,2015-02-09,2014-12-12,8919601000105144964,AHPREPAIDSOLUTIONS,2029,3rd_renewal, $10.00 
LMPLUS,2015-02-25,2014-12-27,8919601000105143883,AHPREPAIDSOLUTIONS,2029,3rd_renewal, $10.00 
LMPLUS,2015-01-27,2014-11-29,8919601000105142620,AHPREPAIDSOLUTIONS,2029,3rd_renewal, $10.00 
LMPLUS,2015-02-03,2014-12-05,8919601000105805309,AHPREPAIDSOLUTIONS,2029,3rd_renewal, $10.00 
LMPLUS,2015-02-25,2014-12-27,8919601000105804013,AHPREPAIDSOLUTIONS,2029,3rd_renewal, $10.00 
LMPLUS,2015-01-28,2014-11-29,8919601000105781914,AHPREPAIDSOLUTIONS,2029,3rd_renewal, $10.00 
LMPLUS,2015-02-05,2014-12-07,8919601000106357029,AHPREPAIDSOLUTIONS,2029,3rd_renewal, $10.00 
LMPLUS,2015-02-06,2014-11-08,8919601000106354042,AHPREPAIDSOLUTIONS,2029,3rd_renewal, $10.00 
LMPLUS,2015-02-10,2014-11-16,8919601000105218925,AHPREPAIDSOLUTIONS,2029,3rd_renewal, $10.00 
LMPLUS,2015-02-09,2014-12-10,8919601000105218693,AHPREPAIDSOLUTIONS,2029,3rd_renewal, $10.00 
LMPLUS,2015-02-12,2014-12-14,8919601000105218404,AHPREPAIDSOLUTIONS,2029,3rd_renewal, $10.00 
LMPLUS,2015-02-12,2014-12-13,8919601000105212829,AHPREPAIDSOLUTIONS,2029,3rd_renewal, $10.00 
LMPLUS,2015-02-17,2014-12-26,8919601000105148205,AHPREPAIDSOLUTIONS,2029,3rd_renewal, $10.00 
LMPLUS,2015-02-14,2014-12-17,8919601000105216028,AHPREPAIDSOLUTIONS,2029,3rd_renewal, $10.00 
LMPLUS,2015-01-28,2014-11-28,8919601000105213819,AHPREPAIDSOLUTIONS,2029,3rd_renewal, $10.00 
LMPLUS,2015-02-11,2014-12-14,8919601000105212860,AHPREPAIDSOLUTIONS,2029,3rd_renewal, $10.00 
LMPLUS,2015-02-04,2014-12-06,8919601000105211839,AHPREPAIDSOLUTIONS,2029,3rd_renewal, $10.00 
LMPLUS,2015-02-16,2014-12-18,8919601000105195974,AHPREPAIDSOLUTIONS,2029,3rd_renewal, $10.00 
LMPLUS,2015-02-13,2014-12-15,8919601000105159244,AHPREPAIDSOLUTIONS,2029,3rd_renewal, $10.00 
LMPLUS,2015-02-21,2014-12-23,8919601000105142182,AHPREPAIDSOLUTIONS,2029,3rd_renewal, $10.00 
LMPLUS,2015-02-17,2014-10-26,8919601000106355841,AHPREPAIDSOLUTIONS,2029,3rd_renewal, $10.00 
LMPLUS,2015-02-09,2014-11-02,8919601000105219980,AHPREPAIDSOLUTIONS,2029,3rd_renewal, $10.00 
LMPLUS,2015-02-08,2014-12-11,8919601000105218628,AHPREPAIDSOLUTIONS,2029,3rd_renewal, $10.00 
LMPLUS,2015-02-16,2014-12-18,8919601000105216788,AHPREPAIDSOLUTIONS,2029,3rd_renewal, $10.00 
LMPLUS,2015-01-31,2014-12-02,8919601000105194456,AHPREPAIDSOLUTIONS,2029,3rd_renewal, $10.00 
LMPLUS,2015-02-16,2014-12-16,8919601000105148338,AHPREPAIDSOLUTIONS,2029,3rd_renewal, $10.00 
LMPLUS,2015-02-17,2014-12-19,8919601000105148080,AHPREPAIDSOLUTIONS,2029,3rd_renewal, $10.00 
LMPLUS,2015-02-06,2014-12-07,8919601000105147116,AHPREPAIDSOLUTIONS,2029,3rd_renewal, $10.00 
LMPLUS,2015-01-29,2014-11-29,8919601000105146787,AHPREPAIDSOLUTIONS,2029,3rd_renewal, $10.00 
LMPLUS,2015-02-03,2014-12-05,8919601000105805721,AHPREPAIDSOLUTIONS,2029,3rd_renewal, $10.00 
LMPLUS,2015-02-25,2014-12-29,8919601000105804849,AHPREPAIDSOLUTIONS,2029,3rd_renewal, $10.00 
LMPLUS,2015-02-11,2014-12-14,8919601000105804765,AHPREPAIDSOLUTIONS,2029,3rd_renewal, $10.00 
LMPLUS,2015-02-15,2014-12-17,8919601000105804609,AHPREPAIDSOLUTIONS,2029,3rd_renewal, $10.00 
LMPLUS,2015-02-03,2014-12-06,8919601000105780890,AHPREPAIDSOLUTIONS,2029,3rd_renewal, $10.00 
LMPLUS,2015-02-25,2014-12-27,8919601000105216796,AHPREPAIDSOLUTIONS,2029,3rd_renewal, $10.00 
LMPLUS,2015-02-01,2014-12-03,8919601000105213504,AHPREPAIDSOLUTIONS,2029,3rd_renewal, $10.00 
LMPLUS,2015-01-29,2014-12-01,8919601000105147066,AHPREPAIDSOLUTIONS,2029,3rd_renewal, $10.00 
LMPLUS,2015-01-28,2014-11-30,8919601000105147041,AHPREPAIDSOLUTIONS,2029,3rd_renewal, $10.00 
LMPLUS,2015-02-16,2014-12-13,8919601000108179504,AHPREPAIDSOLUTIONS,2029,3rd_renewal, $10.00 
LMPLUS,2015-01-30,2014-12-01,8919601000108179512,AHPREPAIDSOLUTIONS,2029,3rd_renewal, $10.00 
LMPLUS,2015-02-02,2014-12-04,8919601000108179520,AHPREPAIDSOLUTIONS,2029,3rd_renewal, $10.00 
LMPLUS,2015-01-27,2014-11-28,8919601000105142141,AHPREPAIDSOLUTIONS,2029,3rd_renewal, $10.00 
LMPLUS,2015-02-23,2014-12-26,8919601000105805275,AHPREPAIDSOLUTIONS,2029,3rd_renewal, $10.00 
LMPLUS,2015-02-24,2014-12-17,8919601000105804427,AHPREPAIDSOLUTIONS,2029,3rd_renewal, $10.00 
LMPLUS,2015-01-29,2014-11-13,8919601000108179876,AHPREPAIDSOLUTIONS,2029,3rd_renewal, $10.00 
LMPLUS,2015-02-02,2014-12-04,8919601000108179538,AHPREPAIDSOLUTIONS,2029,3rd_renewal, $10.00 
LMPLUS,2015-02-21,2014-10-24,8919601000106357888,AHPREPAIDSOLUTIONS,2029,3rd_renewal, $10.00 
LMPLUS,2015-01-28,2014-11-29,8919601000105213330,AHPREPAIDSOLUTIONS,2029,3rd_renewal, $10.00 
LMPLUS,2015-02-05,2014-12-06,8919601000105212720,AHPREPAIDSOLUTIONS,2029,3rd_renewal, $10.00 
LMPLUS,2015-01-27,2014-11-25,8919601000105212647,AHPREPAIDSOLUTIONS,2029,3rd_renewal, $10.00 
LMPLUS,2015-02-16,2014-12-19,8919601000105210823,AHPREPAIDSOLUTIONS,2029,3rd_renewal, $10.00 
LMPLUS,2015-02-20,2014-12-22,8919601000105194720,AHPREPAIDSOLUTIONS,2029,3rd_renewal, $10.00 
LMPLUS,2015-02-18,2014-12-03,8919601000105149815,AHPREPAIDSOLUTIONS,2029,3rd_renewal, $10.00 
LMPLUS,2015-01-30,2014-12-01,8919601000105149351,AHPREPAIDSOLUTIONS,2029,3rd_renewal, $10.00 
LMPLUS,2015-02-23,2014-12-25,8919601000105147306,AHPREPAIDSOLUTIONS,2029,3rd_renewal, $10.00 
LMPLUS,2015-02-23,2014-12-26,8919601000105143891,AHPREPAIDSOLUTIONS,2029,3rd_renewal, $10.00 
LMPLUS,2015-02-24,2014-12-26,8919601000105143420,AHPREPAIDSOLUTIONS,2029,3rd_renewal, $10.00 
LMPLUS,2015-01-28,2014-11-09,8919601000108179884,AHPREPAIDSOLUTIONS,2029,3rd_renewal, $10.00 
LMPLUS,2015-01-28,2014-11-29,8919601000105805069,AHPREPAIDSOLUTIONS,2029,3rd_renewal, $10.00 
LMPLUS,2015-02-20,2014-12-20,8919601000105804666,AHPREPAIDSOLUTIONS,2029,3rd_renewal, $10.00 
LMPLUS,2015-02-12,2014-12-14,8919601000105778811,AHPREPAIDSOLUTIONS,2029,3rd_renewal, $10.00 
LMPLUS,2015-02-12,2014-12-14,8919601000106354653,AHPREPAIDSOLUTIONS,2029,3rd_renewal, $10.00 
LMPLUS,2015-02-04,2014-12-07,8919601000105216036,AHPREPAIDSOLUTIONS,2029,3rd_renewal, $10.00 
LMPLUS,2015-02-24,2015-01-07,8919601000105212027,AHPREPAIDSOLUTIONS,2029,3rd_renewal, $10.00 
LMPLUS,2015-02-07,2014-12-08,8919601000105211136,AHPREPAIDSOLUTIONS,2029,3rd_renewal, $10.00 
LMPLUS,2015-01-26,2014-11-13,8919601000105142273,AHPREPAIDSOLUTIONS,2029,3rd_renewal, $10.00 
LMPLUS,2015-02-20,2014-12-23,8919601000105805317,AHPREPAIDSOLUTIONS,2029,3rd_renewal, $10.00 
LMPLUS,2015-02-05,2014-12-04,8919601000105781393,AHPREPAIDSOLUTIONS,2029,3rd_renewal, $10.00 
LMPLUS,2015-02-07,2014-12-11,8919601000105781328,AHPREPAIDSOLUTIONS,2029,3rd_renewal, $10.00 
LMPLUS,2015-02-11,2014-12-13,8919601000106354414,AHPREPAIDSOLUTIONS,2029,3rd_renewal, $10.00 
LMPLUS,2015-02-15,2014-11-28,8919601000105219238,AHPREPAIDSOLUTIONS,2029,3rd_renewal, $10.00 
LMPLUS,2015-01-26,2014-11-25,8919601000105218206,AHPREPAIDSOLUTIONS,2029,3rd_renewal, $10.00 
LMPLUS,2015-02-05,2014-12-07,8919601000105216994,AHPREPAIDSOLUTIONS,2029,3rd_renewal, $10.00 
LMPLUS,2015-02-05,2014-12-06,8919601000105218867,AHPREPAIDSOLUTIONS,2029,3rd_renewal, $10.00 
LMPLUS,2015-02-13,2014-12-10,8919601000105212977,AHPREPAIDSOLUTIONS,2029,3rd_renewal, $10.00 
LMPLUS,2015-02-17,2014-12-11,8919601000105194753,AHPREPAIDSOLUTIONS,2029,3rd_renewal, $10.00 
LMPLUS,2015-02-03,2014-12-28,8919601000105148114,AHPREPAIDSOLUTIONS,2029,3rd_renewal, $10.00 
LMPLUS,2015-02-14,2014-12-15,8919601000105148072,AHPREPAIDSOLUTIONS,2029,3rd_renewal, $10.00 
LMPLUS,2015-02-16,2014-12-17,8919601000105148064,AHPREPAIDSOLUTIONS,2029,3rd_renewal, $10.00 
LMPLUS,2015-01-30,2014-12-02,8919601000105147421,AHPREPAIDSOLUTIONS,2029,3rd_renewal, $10.00 
LMPLUS,2015-01-30,2014-12-01,8919601000105147215,AHPREPAIDSOLUTIONS,2029,3rd_renewal, $10.00 
LMPLUS,2015-01-28,2014-11-29,8919601000105142232,AHPREPAIDSOLUTIONS,2029,3rd_renewal, $10.00 
LMPLUS,2015-02-16,2014-12-06,8919601000105778324,AHPREPAIDSOLUTIONS,2029,3rd_renewal, $10.00 
LMPLUS,2015-02-22,2014-12-24,8919601000105805598,AHPREPAIDSOLUTIONS,2029,3rd_renewal, $10.00 
LMPLUS,2015-02-20,2014-12-22,8919601000105805481,AHPREPAIDSOLUTIONS,2029,3rd_renewal, $10.00 
LMPLUS,2015-02-11,2014-12-13,8919601000105803627,AHPREPAIDSOLUTIONS,2029,3rd_renewal, $10.00 
LMPLUS,2015-02-11,2014-12-11,8919601000105781187,AHPREPAIDSOLUTIONS,2029,3rd_renewal, $10.00 
LMPLUS,2015-02-06,2014-11-27,8919601000105219873,AHPREPAIDSOLUTIONS,2029,3rd_renewal, $10.00 
LMPLUS,2015-02-09,2014-11-05,8919601000105219071,AHPREPAIDSOLUTIONS,2029,3rd_renewal, $10.00 
LMPLUS,2015-02-16,2014-12-15,8919601000105148189,AHPREPAIDSOLUTIONS,2029,3rd_renewal, $10.00 
LMPLUS,2015-02-15,2014-12-16,8919601000105211045,AHPREPAIDSOLUTIONS,2029,3rd_renewal, $10.00 
LMPLUS,2015-02-24,2014-12-26,8919601000105149872,AHPREPAIDSOLUTIONS,2029,3rd_renewal, $10.00 
LMPLUS,2015-02-17,2014-12-20,8919601000105143701,AHPREPAIDSOLUTIONS,2029,3rd_renewal, $10.00 
LMPLUS,2015-02-03,2014-11-25,8919601000105210674,AHPREPAIDSOLUTIONS,2029,3rd_renewal, $10.00 
LMPLUS,2015-02-18,2014-12-20,8919601000105149112,AHPREPAIDSOLUTIONS,2029,3rd_renewal, $10.00 
LMPLUS,2015-01-28,2014-11-30,8919601000105147157,AHPREPAIDSOLUTIONS,2029,3rd_renewal, $10.00 
LMPLUS,2015-02-19,2014-10-10,8919601000106390681,AHPREPAIDSOLUTIONS,2035,3rd_renewal, $10.00 
LMPLUS,2015-01-27,2014-11-20,8919601000105142133,AHPREPAIDSOLUTIONS,2039,3rd_renewal, $15.00 
LMPLUS,2015-02-08,2014-09-04,8919601000105947978,AHPREPAIDSOLUTIONS,2039,3rd_renewal, $15.00 
LMPLUS,2015-02-04,2014-12-06,8919601000105211292,AHPREPAIDSOLUTIONS,2039,3rd_renewal, $15.00 
LMPLUS,2015-02-22,2014-12-30,8919601000105213892,AHPREPAIDSOLUTIONS,2039,3rd_renewal, $15.00 
LMPLUS,2015-02-10,2014-12-09,8919601000108179249,AHPREPAIDSOLUTIONS,2045,3rd_renewal, $15.00 
LMPLUS,2015-01-27,NULL,8919601000105803528,AHPREPAIDSOLUTIONS,2045,3rd_renewal, $15.00 
LMPLUS,2015-02-19,2014-09-28,8919601000105948737,AHPREPAIDSOLUTIONS,2049,3rd_renewal, $15.00 
LMPLUS,2015-02-11,2014-12-13,8919601000105212811,AHPREPAIDSOLUTIONS,2049,3rd_renewal, $15.00 
LMPLUS,2015-02-20,2014-12-22,8919601000105145375,AHPREPAIDSOLUTIONS,2049,3rd_renewal, $15.00 
LMPLUS,2015-02-22,2014-12-24,8919601000105803585,AHPREPAIDSOLUTIONS,2059,3rd_renewal, $15.00 
